run_id,seed,scenario,method,request_id,status,detailed_reason,passenger_type,pickup_walk,dropoff_walk,wait_time,ivt,fare,service_design,pickup_mp_id,dropoff_mp_id,vehicle_id,scheduled_pickup,scheduled_dropoff,walk_utility,wait_utility,ivt_utility,fare_utility,service_asc,outside_option_constant,total_utility,outside_utility,acceptance_probability,random_draw
synthetic_n20_v2_s42:BidirectionalMP_Choice_RH_ALNS:s42,42,synthetic_n20_v2_s42,FullModel,req_16,feasibility_rejected,no_candidate_mp,price_sensitive,,,,,,,,,,,,,,,,,,,,,
synthetic_n20_v2_s42:BidirectionalMP_Choice_RH_ALNS:s42,42,synthetic_n20_v2_s42,FullModel,req_15,feasibility_rejected,no_feasible_route,walk_sensitive,,,,,,,,,,,,,,,,,,,,,
synthetic_n20_v2_s42:BidirectionalMP_Choice_RH_ALNS:s42,42,synthetic_n20_v2_s42,FullModel,req_14,feasibility_rejected,no_candidate_mp,price_sensitive,,,,,,,,,,,,,,,,,,,,,
synthetic_n20_v2_s42:BidirectionalMP_Choice_RH_ALNS:s42,42,synthetic_n20_v2_s42,FullModel,req_7,served,accepted,price_sensitive,0.5969687096791239,1.4036280351704522,0.22252272047597899,4.001600640256102,0.0,BidirectionalMeetingPoint,mp_2_3,mp_1_3,veh_0,1467.771946728658,1707.867985144024,-0.01000298372424788,-0.00890090881903916,-0.08003201280512205,-0.0,0.0,0.0,-0.0989359053484091,0.0,0.4752861792601309,0.39317640378892393
synthetic_n20_v2_s42:BidirectionalMP_Choice_RH_ALNS:s42,42,synthetic_n20_v2_s42,FullModel,req_17,feasibility_rejected,no_feasible_route,price_sensitive,,,,,,,,,,,,,,,,,,,,,
synthetic_n20_v2_s42:BidirectionalMP_Choice_RH_ALNS:s42,42,synthetic_n20_v2_s42,FullModel,req_9,choice_rejected,passenger_declined,time_sensitive,0.9779107321794205,0.8200848704063931,5.254270477228662,16.49902211131517,0.0,BidirectionalMeetingPoint,mp_6_6,mp_2_7,veh_0,2668.2521388054884,3658.1934654843985,-0.008989978012929068,-0.5254270477228662,-1.3199217689052136,-0.0,0.0,0.0,-1.8543387946410088,0.0,0.13536427717909874,0.9999956230365405
synthetic_n20_v2_s42:BidirectionalMP_Choice_RH_ALNS:s42,42,synthetic_n20_v2_s42,FullModel,req_11,feasibility_rejected,no_feasible_route,time_sensitive,,,,,,,,,,,,,,,,,,,,,
synthetic_n20_v2_s42:BidirectionalMP_Choice_RH_ALNS:s42,42,synthetic_n20_v2_s42,FullModel,req_1,served,accepted,walk_sensitive,0.3044688846930016,0.7398487587484419,8.989396688832592,20.404239750271245,0.0,BidirectionalMeetingPoint,mp_9_1,mp_4_0,veh_0,3687.750638501844,4912.005023518119,-0.020886352868828874,-0.3595758675533037,-0.4080847950054249,-0.0,0.0,0.0,-0.7885470154275575,0.0,0.3124807384938019,0.25225110743284884
synthetic_n20_v2_s42:BidirectionalMP_Choice_RH_ALNS:s42,42,synthetic_n20_v2_s42,FullModel,req_2,feasibility_rejected,no_feasible_route,walk_sensitive,,,,,,,,,,,,,,,,,,,,,
synthetic_n20_v2_s42:BidirectionalMP_Choice_RH_ALNS:s42,42,synthetic_n20_v2_s42,FullModel,req_8,served,accepted,price_sensitive,1.4800798616923507,0.6259579398568083,11.815809642283103,8.947851050419331,0.0,BidirectionalMeetingPoint,mp_6_3,mp_4_2,veh_0,4553.429216044218,5090.300279069378,-0.010530189007745796,-0.47263238569132415,-0.17895702100838662,-0.0,0.0,0.0,-0.6621195957074566,0.0,0.3402636346271506,0.03455788259304304
synthetic_n20_v2_s42:BidirectionalMP_Choice_RH_ALNS:s42,42,synthetic_n20_v2_s42,FullModel,req_3,feasibility_rejected,no_feasible_route,time_sensitive,,,,,,,,,,,,,,,,,,,,,
synthetic_n20_v2_s42:BidirectionalMP_Choice_RH_ALNS:s42,42,synthetic_n20_v2_s42,FullModel,req_5,feasibility_rejected,no_candidate_mp,price_sensitive,,,,,,,,,,,,,,,,,,,,,
synthetic_n20_v2_s42:BidirectionalMP_Choice_RH_ALNS:s42,42,synthetic_n20_v2_s42,FullModel,req_18,feasibility_rejected,no_feasible_route,time_sensitive,,,,,,,,,,,,,,,,,,,,,
synthetic_n20_v2_s42:BidirectionalMP_Choice_RH_ALNS:s42,42,synthetic_n20_v2_s42,FullModel,req_13,feasibility_rejected,no_feasible_route,price_sensitive,,,,,,,,,,,,,,,,,,,,,
synthetic_n20_v2_s42:BidirectionalMP_Choice_RH_ALNS:s42,42,synthetic_n20_v2_s42,FullModel,req_19,feasibility_rejected,no_feasible_route,time_sensitive,,,,,,,,,,,,,,,,,,,,,
synthetic_n20_v2_s42:BidirectionalMP_Choice_RH_ALNS:s42,42,synthetic_n20_v2_s42,FullModel,req_6,feasibility_rejected,no_feasible_route,time_sensitive,,,,,,,,,,,,,,,,,,,,,
synthetic_n20_v2_s42:BidirectionalMP_Choice_RH_ALNS:s42,42,synthetic_n20_v2_s42,FullModel,req_0,feasibility_rejected,no_feasible_route,time_sensitive,,,,,,,,,,,,,,,,,,,,,
synthetic_n20_v2_s42:BidirectionalMP_Choice_RH_ALNS:s42,42,synthetic_n20_v2_s42,FullModel,req_10,feasibility_rejected,no_candidate_mp,walk_sensitive,,,,,,,,,,,,,,,,,,,,,
synthetic_n20_v2_s42:BidirectionalMP_Choice_RH_ALNS:s42,42,synthetic_n20_v2_s42,FullModel,req_4,feasibility_rejected,no_feasible_route,price_sensitive,,,,,,,,,,,,,,,,,,,,,
synthetic_n20_v2_s42:BidirectionalMP_Choice_RH_ALNS:s42,42,synthetic_n20_v2_s42,FullModel,req_12,feasibility_rejected,no_feasible_route,price_sensitive,,,,,,,,,,,,,,,,,,,,,
synthetic_n20_v2_s42:DoorToDoor_Choice_CommonRouting:s42,42,synthetic_n20_v2_s42,DoorToDoor,req_16,served,accepted,price_sensitive,0.0,0.0,5.947973402831101,13.309702775551036,0.0,DoorToDoor,dtd_pu_req_16,dtd_do_req_16,veh_1,522.2051201464689,1320.787286679531,-0.0,-0.23791893611324405,-0.2661940555110207,-0.0,0.0,0.0,-0.5041129916242648,0.0,0.37657458844984637,0.3200765429920128
synthetic_n20_v2_s42:DoorToDoor_Choice_CommonRouting:s42,42,synthetic_n20_v2_s42,DoorToDoor,req_15,feasibility_rejected,no_feasible_route,walk_sensitive,,,,,,,,,,,,,,,,,,,,,
synthetic_n20_v2_s42:DoorToDoor_Choice_CommonRouting:s42,42,synthetic_n20_v2_s42,DoorToDoor,req_14,feasibility_rejected,no_feasible_route,price_sensitive,,,,,,,,,,,,,,,,,,,,,
synthetic_n20_v2_s42:DoorToDoor_Choice_CommonRouting:s42,42,synthetic_n20_v2_s42,DoorToDoor,req_7,feasibility_rejected,no_feasible_route,price_sensitive,,,,,,,,,,,,,,,,,,,,,
synthetic_n20_v2_s42:DoorToDoor_Choice_CommonRouting:s42,42,synthetic_n20_v2_s42,DoorToDoor,req_17,feasibility_rejected,no_feasible_route,price_sensitive,,,,,,,,,,,,,,,,,,,,,
synthetic_n20_v2_s42:DoorToDoor_Choice_CommonRouting:s42,42,synthetic_n20_v2_s42,DoorToDoor,req_9,feasibility_rejected,no_feasible_route,time_sensitive,,,,,,,,,,,,,,,,,,,,,
synthetic_n20_v2_s42:DoorToDoor_Choice_CommonRouting:s42,42,synthetic_n20_v2_s42,DoorToDoor,req_11,choice_rejected,passenger_declined,time_sensitive,0.0,0.0,15.888973495843834,10.043326261071904,0.0,DoorToDoor,dtd_pu_req_11,dtd_do_req_11,veh_1,3991.491357393731,4594.090933058045,-0.0,-1.5888973495843834,-0.8034661008857523,-0.0,0.0,0.0,-2.392363450470136,0.0,0.08375687825412902,0.30242226757147095
synthetic_n20_v2_s42:DoorToDoor_Choice_CommonRouting:s42,42,synthetic_n20_v2_s42,DoorToDoor,req_1,served,accepted,walk_sensitive,0.0,0.0,0.6665633058469667,18.956250570804748,0.0,DoorToDoor,dtd_pu_req_1,dtd_do_req_1,veh_1,3188.3806355227066,4325.7556697709915,-0.0,-0.026662532233878666,-0.37912501141609495,-0.0,0.0,0.0,-0.4057875436499736,0.0,0.399922617965708,0.25225110743284884
synthetic_n20_v2_s42:DoorToDoor_Choice_CommonRouting:s42,42,synthetic_n20_v2_s42,DoorToDoor,req_2,feasibility_rejected,no_feasible_route,walk_sensitive,,,,,,,,,,,,,,,,,,,,,
synthetic_n20_v2_s42:DoorToDoor_Choice_CommonRouting:s42,42,synthetic_n20_v2_s42,DoorToDoor,req_8,served,accepted,price_sensitive,0.0,0.0,4.197954234532517,12.30893905287659,0.0,DoorToDoor,dtd_pu_req_8,dtd_do_req_8,veh_1,4096.357891579183,4834.894234751779,-0.0,-0.1679181693813007,-0.24617878105753183,-0.0,0.0,0.0,-0.41409695043883255,0.0,0.39793015734794,0.03455788259304304
synthetic_n20_v2_s42:DoorToDoor_Choice_CommonRouting:s42,42,synthetic_n20_v2_s42,DoorToDoor,req_3,served,accepted,time_sensitive,0.0,0.0,2.5482517762197405,27.67707333674968,0.0,DoorToDoor,dtd_pu_req_3,dtd_do_req_3,veh_1,5052.502544432267,6713.126944637248,-0.0,-0.25482517762197404,-2.2141658669399744,-0.0,0.0,0.0,-2.4689910445619483,0.0,0.07806081604818486,0.07334826863326915
synthetic_n20_v2_s42:DoorToDoor_Choice_CommonRouting:s42,42,synthetic_n20_v2_s42,DoorToDoor,req_5,feasibility_rejected,no_feasible_route,price_sensitive,,,,,,,,,,,,,,,,,,,,,
synthetic_n20_v2_s42:DoorToDoor_Choice_CommonRouting:s42,42,synthetic_n20_v2_s42,DoorToDoor,req_18,choice_rejected,passenger_declined,time_sensitive,0.0,0.0,4.559816484895706,35.033583415755885,0.0,DoorToDoor,dtd_pu_req_18,dtd_do_req_18,veh_1,7482.029017018038,9584.044021963391,-0.0,-0.4559816484895707,-2.802686673260471,-0.0,0.0,0.0,-3.258668321750042,0.0,0.03701664959913462,0.11307644171040765
synthetic_n20_v2_s42:DoorToDoor_Choice_CommonRouting:s42,42,synthetic_n20_v2_s42,DoorToDoor,req_13,choice_rejected,passenger_declined,price_sensitive,0.0,0.0,2.24841732177174,21.57740282675659,0.0,DoorToDoor,dtd_pu_req_13,dtd_do_req_13,veh_1,8552.943298525288,9847.587468130683,-0.0,-0.0899366928708696,-0.4315480565351318,-0.0,0.0,0.0,-0.5214847494060014,0.0,0.3725051152111491,0.5227671931473256
synthetic_n20_v2_s42:DoorToDoor_Choice_CommonRouting:s42,42,synthetic_n20_v2_s42,DoorToDoor,req_19,feasibility_rejected,no_feasible_route,time_sensitive,,,,,,,,,,,,,,,,,,,,,
synthetic_n20_v2_s42:DoorToDoor_Choice_CommonRouting:s42,42,synthetic_n20_v2_s42,DoorToDoor,req_6,choice_rejected,passenger_declined,time_sensitive,0.0,0.0,5.118251550776282,2.093952514988875,0.0,DoorToDoor,dtd_pu_req_6,dtd_do_req_6,veh_1,10452.929534541476,10578.566685440808,-0.0,-0.5118251550776283,-0.16751620119911,-0.0,0.0,0.0,-0.6793413562767383,0.0,0.33640832090039613,0.45554856634034246
synthetic_n20_v2_s42:DoorToDoor_Choice_CommonRouting:s42,42,synthetic_n20_v2_s42,DoorToDoor,req_0,feasibility_rejected,no_feasible_route,time_sensitive,,,,,,,,,,,,,,,,,,,,,
synthetic_n20_v2_s42:DoorToDoor_Choice_CommonRouting:s42,42,synthetic_n20_v2_s42,DoorToDoor,req_10,feasibility_rejected,no_feasible_route,walk_sensitive,,,,,,,,,,,,,,,,,,,,,
synthetic_n20_v2_s42:DoorToDoor_Choice_CommonRouting:s42,42,synthetic_n20_v2_s42,DoorToDoor,req_4,feasibility_rejected,no_feasible_route,price_sensitive,,,,,,,,,,,,,,,,,,,,,
synthetic_n20_v2_s42:DoorToDoor_Choice_CommonRouting:s42,42,synthetic_n20_v2_s42,DoorToDoor,req_12,feasibility_rejected,no_feasible_route,price_sensitive,,,,,,,,,,,,,,,,,,,,,
synthetic_n20_v2_s42:SingleSidedDropoff_Choice_CommonRouting:s42,42,synthetic_n20_v2_s42,SingleSidedDropoff,req_16,feasibility_rejected,no_candidate_mp,price_sensitive,,,,,,,,,,,,,,,,,,,,,
synthetic_n20_v2_s42:SingleSidedDropoff_Choice_CommonRouting:s42,42,synthetic_n20_v2_s42,SingleSidedDropoff,req_15,feasibility_rejected,no_feasible_route,walk_sensitive,,,,,,,,,,,,,,,,,,,,,
synthetic_n20_v2_s42:SingleSidedDropoff_Choice_CommonRouting:s42,42,synthetic_n20_v2_s42,SingleSidedDropoff,req_14,feasibility_rejected,no_candidate_mp,price_sensitive,,,,,,,,,,,,,,,,,,,,,
synthetic_n20_v2_s42:SingleSidedDropoff_Choice_CommonRouting:s42,42,synthetic_n20_v2_s42,SingleSidedDropoff,req_7,feasibility_rejected,no_feasible_route,price_sensitive,,,,,,,,,,,,,,,,,,,,,
synthetic_n20_v2_s42:SingleSidedDropoff_Choice_CommonRouting:s42,42,synthetic_n20_v2_s42,SingleSidedDropoff,req_17,feasibility_rejected,no_feasible_route,price_sensitive,,,,,,,,,,,,,,,,,,,,,
synthetic_n20_v2_s42:SingleSidedDropoff_Choice_CommonRouting:s42,42,synthetic_n20_v2_s42,SingleSidedDropoff,req_9,feasibility_rejected,no_feasible_route,time_sensitive,,,,,,,,,,,,,,,,,,,,,
synthetic_n20_v2_s42:SingleSidedDropoff_Choice_CommonRouting:s42,42,synthetic_n20_v2_s42,SingleSidedDropoff,req_11,feasibility_rejected,no_feasible_route,time_sensitive,,,,,,,,,,,,,,,,,,,,,
synthetic_n20_v2_s42:SingleSidedDropoff_Choice_CommonRouting:s42,42,synthetic_n20_v2_s42,SingleSidedDropoff,req_1,feasibility_rejected,no_feasible_route,walk_sensitive,,,,,,,,,,,,,,,,,,,,,
synthetic_n20_v2_s42:SingleSidedDropoff_Choice_CommonRouting:s42,42,synthetic_n20_v2_s42,SingleSidedDropoff,req_2,feasibility_rejected,no_feasible_route,walk_sensitive,,,,,,,,,,,,,,,,,,,,,
synthetic_n20_v2_s42:SingleSidedDropoff_Choice_CommonRouting:s42,42,synthetic_n20_v2_s42,SingleSidedDropoff,req_8,feasibility_rejected,no_feasible_route,price_sensitive,,,,,,,,,,,,,,,,,,,,,
synthetic_n20_v2_s42:SingleSidedDropoff_Choice_CommonRouting:s42,42,synthetic_n20_v2_s42,SingleSidedDropoff,req_3,feasibility_rejected,no_feasible_route,time_sensitive,,,,,,,,,,,,,,,,,,,,,
synthetic_n20_v2_s42:SingleSidedDropoff_Choice_CommonRouting:s42,42,synthetic_n20_v2_s42,SingleSidedDropoff,req_5,feasibility_rejected,no_candidate_mp,price_sensitive,,,,,,,,,,,,,,,,,,,,,
synthetic_n20_v2_s42:SingleSidedDropoff_Choice_CommonRouting:s42,42,synthetic_n20_v2_s42,SingleSidedDropoff,req_18,feasibility_rejected,no_feasible_route,time_sensitive,,,,,,,,,,,,,,,,,,,,,
synthetic_n20_v2_s42:SingleSidedDropoff_Choice_CommonRouting:s42,42,synthetic_n20_v2_s42,SingleSidedDropoff,req_13,feasibility_rejected,no_feasible_route,price_sensitive,,,,,,,,,,,,,,,,,,,,,
synthetic_n20_v2_s42:SingleSidedDropoff_Choice_CommonRouting:s42,42,synthetic_n20_v2_s42,SingleSidedDropoff,req_19,feasibility_rejected,no_feasible_route,time_sensitive,,,,,,,,,,,,,,,,,,,,,
synthetic_n20_v2_s42:SingleSidedDropoff_Choice_CommonRouting:s42,42,synthetic_n20_v2_s42,SingleSidedDropoff,req_6,feasibility_rejected,no_feasible_route,time_sensitive,,,,,,,,,,,,,,,,,,,,,
synthetic_n20_v2_s42:SingleSidedDropoff_Choice_CommonRouting:s42,42,synthetic_n20_v2_s42,SingleSidedDropoff,req_0,feasibility_rejected,no_feasible_route,time_sensitive,,,,,,,,,,,,,,,,,,,,,
synthetic_n20_v2_s42:SingleSidedDropoff_Choice_CommonRouting:s42,42,synthetic_n20_v2_s42,SingleSidedDropoff,req_10,feasibility_rejected,no_feasible_route,walk_sensitive,,,,,,,,,,,,,,,,,,,,,
synthetic_n20_v2_s42:SingleSidedDropoff_Choice_CommonRouting:s42,42,synthetic_n20_v2_s42,SingleSidedDropoff,req_4,feasibility_rejected,no_feasible_route,price_sensitive,,,,,,,,,,,,,,,,,,,,,
synthetic_n20_v2_s42:SingleSidedDropoff_Choice_CommonRouting:s42,42,synthetic_n20_v2_s42,SingleSidedDropoff,req_12,feasibility_rejected,no_feasible_route,price_sensitive,,,,,,,,,,,,,,,,,,,,,
synthetic_n20_v2_s42:SingleSidedPickup_Choice_CommonRouting:s42,42,synthetic_n20_v2_s42,SingleSidedPickup,req_16,feasibility_rejected,no_candidate_mp,price_sensitive,,,,,,,,,,,,,,,,,,,,,
synthetic_n20_v2_s42:SingleSidedPickup_Choice_CommonRouting:s42,42,synthetic_n20_v2_s42,SingleSidedPickup,req_15,feasibility_rejected,no_feasible_route,walk_sensitive,,,,,,,,,,,,,,,,,,,,,
synthetic_n20_v2_s42:SingleSidedPickup_Choice_CommonRouting:s42,42,synthetic_n20_v2_s42,SingleSidedPickup,req_14,feasibility_rejected,no_feasible_route,price_sensitive,,,,,,,,,,,,,,,,,,,,,
synthetic_n20_v2_s42:SingleSidedPickup_Choice_CommonRouting:s42,42,synthetic_n20_v2_s42,SingleSidedPickup,req_7,served,accepted,price_sensitive,0.5969687096791239,0.0,0.22252272047597899,5.511038595998298,0.0,SingleSidedPickup,mp_2_3,ssp_do_req_7,veh_0,1467.771946728658,1798.4342624885558,-0.0029848435483956193,-0.00890090881903916,-0.11022077191996596,-0.0,0.0,0.0,-0.12210652428740074,0.0,0.4695112418081098,0.39317640378892393
synthetic_n20_v2_s42:SingleSidedPickup_Choice_CommonRouting:s42,42,synthetic_n20_v2_s42,SingleSidedPickup,req_17,feasibility_rejected,no_feasible_route,price_sensitive,,,,,,,,,,,,,,,,,,,,,
synthetic_n20_v2_s42:SingleSidedPickup_Choice_CommonRouting:s42,42,synthetic_n20_v2_s42,SingleSidedPickup,req_9,choice_rejected,passenger_declined,time_sensitive,0.9779107321794205,0.0,5.254270477228662,17.92233743625367,0.0,SingleSidedPickup,mp_6_6,ssp_do_req_9,veh_0,2668.2521388054884,3743.5923849807086,-0.004889553660897102,-0.5254270477228662,-1.4337869949002937,-0.0,0.0,0.0,-1.964103596284057,0.0,0.12302363009228376,0.9999956230365405
synthetic_n20_v2_s42:SingleSidedPickup_Choice_CommonRouting:s42,42,synthetic_n20_v2_s42,SingleSidedPickup,req_11,feasibility_rejected,no_feasible_route,time_sensitive,,,,,,,,,,,,,,,,,,,,,
synthetic_n20_v2_s42:SingleSidedPickup_Choice_CommonRouting:s42,42,synthetic_n20_v2_s42,SingleSidedPickup,req_1,served,accepted,walk_sensitive,0.3044688846930016,0.0,10.749603979664963,19.33593871594882,0.0,SingleSidedPickup,mp_9_1,ssp_do_req_1,veh_0,3793.3630759517864,4953.519398908716,-0.006089377693860032,-0.42998415918659855,-0.38671877431897644,-0.0,0.0,0.0,-0.8227923111994351,0.0,0.3051712514157127,0.25225110743284884
synthetic_n20_v2_s42:SingleSidedPickup_Choice_CommonRouting:s42,42,synthetic_n20_v2_s42,SingleSidedPickup,req_2,feasibility_rejected,no_feasible_route,walk_sensitive,,,,,,,,,,,,,,,,,,,,,
synthetic_n20_v2_s42:SingleSidedPickup_Choice_CommonRouting:s42,42,synthetic_n20_v2_s42,SingleSidedPickup,req_8,served,accepted,price_sensitive,1.4800798616923507,0.0,13.576016933115474,9.883691558586845,0.0,SingleSidedPickup,mp_6_3,ssp_do_req_8,veh_0,4659.0416534941605,5252.063147009371,-0.007400399308461754,-0.5430406773246189,-0.1976738311717369,-0.0,0.0,0.0,-0.7481149078048175,0.0,0.32123219164095945,0.03455788259304304
synthetic_n20_v2_s42:SingleSidedPickup_Choice_CommonRouting:s42,42,synthetic_n20_v2_s42,SingleSidedPickup,req_3,feasibility_rejected,no_feasible_route,time_sensitive,,,,,,,,,,,,,,,,,,,,,
synthetic_n20_v2_s42:SingleSidedPickup_Choice_CommonRouting:s42,42,synthetic_n20_v2_s42,SingleSidedPickup,req_5,choice_rejected,passenger_declined,price_sensitive,1.4125769474428433,0.0,0.67005688578015,12.625331427425909,0.0,SingleSidedPickup,mp_8_8,ssp_do_req_5,veh_0,5491.098444947099,6248.618330592653,-0.007062884737214217,-0.026802275431206002,-0.2525066285485182,-0.0,0.0,0.0,-0.2863717887169384,0.0,0.42889234437318347,0.6525839534674364
synthetic_n20_v2_s42:SingleSidedPickup_Choice_CommonRouting:s42,42,synthetic_n20_v2_s42,SingleSidedPickup,req_18,feasibility_rejected,no_feasible_route,time_sensitive,,,,,,,,,,,,,,,,,,,,,
synthetic_n20_v2_s42:SingleSidedPickup_Choice_CommonRouting:s42,42,synthetic_n20_v2_s42,SingleSidedPickup,req_13,feasibility_rejected,no_feasible_route,price_sensitive,,,,,,,,,,,,,,,,,,,,,
synthetic_n20_v2_s42:SingleSidedPickup_Choice_CommonRouting:s42,42,synthetic_n20_v2_s42,SingleSidedPickup,req_19,feasibility_rejected,no_feasible_route,time_sensitive,,,,,,,,,,,,,,,,,,,,,
synthetic_n20_v2_s42:SingleSidedPickup_Choice_CommonRouting:s42,42,synthetic_n20_v2_s42,SingleSidedPickup,req_6,feasibility_rejected,no_feasible_route,time_sensitive,,,,,,,,,,,,,,,,,,,,,
synthetic_n20_v2_s42:SingleSidedPickup_Choice_CommonRouting:s42,42,synthetic_n20_v2_s42,SingleSidedPickup,req_0,feasibility_rejected,no_feasible_route,time_sensitive,,,,,,,,,,,,,,,,,,,,,
synthetic_n20_v2_s42:SingleSidedPickup_Choice_CommonRouting:s42,42,synthetic_n20_v2_s42,SingleSidedPickup,req_10,feasibility_rejected,no_candidate_mp,walk_sensitive,,,,,,,,,,,,,,,,,,,,,
synthetic_n20_v2_s42:SingleSidedPickup_Choice_CommonRouting:s42,42,synthetic_n20_v2_s42,SingleSidedPickup,req_4,feasibility_rejected,no_feasible_route,price_sensitive,,,,,,,,,,,,,,,,,,,,,
synthetic_n20_v2_s42:SingleSidedPickup_Choice_CommonRouting:s42,42,synthetic_n20_v2_s42,SingleSidedPickup,req_12,feasibility_rejected,no_feasible_route,price_sensitive,,,,,,,,,,,,,,,,,,,,,
synthetic_n20_v2_s43:BidirectionalMP_Choice_RH_ALNS:s43,43,synthetic_n20_v2_s43,FullModel,req_4,served,accepted,price_sensitive,0.5144504420654831,1.12100666245051,5.461014663023078,20.40423975027125,0.0,BidirectionalMeetingPoint,mp_5_6,mp_4_1,veh_1,1209.0946490023846,2433.3490340186595,-0.008177285522579965,-0.21844058652092313,-0.408084795005425,-0.0,0.0,0.0,-0.6347026670489281,0.0,0.3464449884084216,0.005657614873576966
synthetic_n20_v2_s43:BidirectionalMP_Choice_RH_ALNS:s43,43,synthetic_n20_v2_s43,FullModel,req_10,feasibility_rejected,no_feasible_route,walk_sensitive,,,,,,,,,,,,,,,,,,,,,
synthetic_n20_v2_s43:BidirectionalMP_Choice_RH_ALNS:s43,43,synthetic_n20_v2_s43,FullModel,req_5,choice_rejected,passenger_declined,price_sensitive,1.2204550512812606,0.49867634219416185,1.3721701180272552,8.003201280512204,0.0,BidirectionalMeetingPoint,mp_9_3,mp_9_5,veh_1,1566.1164311379125,2046.3085079686448,-0.008595656967377113,-0.054886804721090206,-0.1600640256102441,-0.0,0.0,0.0,-0.2235464872987114,0.0,0.4443449563063219,0.6525839534674364
synthetic_n20_v2_s43:BidirectionalMP_Choice_RH_ALNS:s43,43,synthetic_n20_v2_s43,FullModel,req_11,choice_rejected,passenger_declined,time_sensitive,0.7559000693880173,1.0923528594850138,10.504814697954396,4.001600640256099,0.0,BidirectionalMeetingPoint,mp_1_7,mp_1_8,veh_1,2199.035975681295,2439.132014096661,-0.009241264644365156,-1.0504814697954397,-0.3201280512204879,-0.0,0.0,0.0,-1.3798507856602926,0.0,0.20103296529645756,0.30242226757147095
synthetic_n20_v2_s43:BidirectionalMP_Choice_RH_ALNS:s43,43,synthetic_n20_v2_s43,FullModel,req_7,served,accepted,price_sensitive,0.6258772887032603,1.4223592513929375,0.12318526659724588,20.008003201280516,0.0,BidirectionalMeetingPoint,mp_9_3,mp_6_7,veh_1,2409.5748410792153,3610.055033156046,-0.010241182700480989,-0.004927410663889836,-0.40016006402561033,-0.0,0.0,0.0,-0.41532865738998115,0.0,0.3976350999764747,0.39317640378892393
synthetic_n20_v2_s43:BidirectionalMP_Choice_RH_ALNS:s43,43,synthetic_n20_v2_s43,FullModel,req_8,served,accepted,price_sensitive,1.0689101437222392,0.6616595881879792,4.465514377839432,14.42797629237291,0.0,BidirectionalMeetingPoint,mp_8_1,mp_6_4,veh_1,2946.4459041043747,3812.1244816467492,-0.008652848659551092,-0.1786205751135773,-0.2885595258474582,-0.0,0.0,0.0,-0.4758329496205866,0.0,0.38323659511395475,0.03455788259304304
synthetic_n20_v2_s43:BidirectionalMP_Choice_RH_ALNS:s43,43,synthetic_n20_v2_s43,FullModel,req_16,feasibility_rejected,no_feasible_route,price_sensitive,,,,,,,,,,,,,,,,,,,,,
synthetic_n20_v2_s43:BidirectionalMP_Choice_RH_ALNS:s43,43,synthetic_n20_v2_s43,FullModel,req_13,feasibility_rejected,no_candidate_mp,price_sensitive,,,,,,,,,,,,,,,,,,,,,
synthetic_n20_v2_s43:BidirectionalMP_Choice_RH_ALNS:s43,43,synthetic_n20_v2_s43,FullModel,req_1,feasibility_rejected,no_feasible_route,walk_sensitive,,,,,,,,,,,,,,,,,,,,,
synthetic_n20_v2_s43:BidirectionalMP_Choice_RH_ALNS:s43,43,synthetic_n20_v2_s43,FullModel,req_18,choice_rejected,passenger_declined,time_sensitive,1.2555370508343793,0.4109607795364891,6.766756657583816,29.352090800690576,0.0,BidirectionalMeetingPoint,mp_9_2,mp_2_2,veh_1,5932.401047035777,7693.526495077212,-0.008332489151854342,-0.6766756657583817,-2.3481672640552462,-0.0,0.0,0.0,-3.0331754189654823,0.0,0.04594942191304588,0.11307644171040765
synthetic_n20_v2_s43:BidirectionalMP_Choice_RH_ALNS:s43,43,synthetic_n20_v2_s43,FullModel,req_15,choice_rejected,passenger_declined,walk_sensitive,0.28463002608960103,0.7415165612229139,2.762531328774882,37.75102493820171,0.0,BidirectionalMeetingPoint,mp_7_1,mp_2_9,veh_1,5992.859783038879,8257.921279330982,-0.0205229317462503,-0.11050125315099528,-0.7550204987640342,-0.0,0.0,0.0,-0.8860446836612798,0.0,0.29192673976777217,0.428628652401271
synthetic_n20_v2_s43:BidirectionalMP_Choice_RH_ALNS:s43,43,synthetic_n20_v2_s43,FullModel,req_19,feasibility_rejected,no_feasible_route,time_sensitive,,,,,,,,,,,,,,,,,,,,,
synthetic_n20_v2_s43:BidirectionalMP_Choice_RH_ALNS:s43,43,synthetic_n20_v2_s43,FullModel,req_6,feasibility_rejected,no_feasible_route,time_sensitive,,,,,,,,,,,,,,,,,,,,,
synthetic_n20_v2_s43:BidirectionalMP_Choice_RH_ALNS:s43,43,synthetic_n20_v2_s43,FullModel,req_0,feasibility_rejected,no_feasible_route,time_sensitive,,,,,,,,,,,,,,,,,,,,,
synthetic_n20_v2_s43:BidirectionalMP_Choice_RH_ALNS:s43,43,synthetic_n20_v2_s43,FullModel,req_3,feasibility_rejected,no_feasible_route,time_sensitive,,,,,,,,,,,,,,,,,,,,,
synthetic_n20_v2_s43:BidirectionalMP_Choice_RH_ALNS:s43,43,synthetic_n20_v2_s43,FullModel,req_9,feasibility_rejected,no_candidate_mp,time_sensitive,,,,,,,,,,,,,,,,,,,,,
synthetic_n20_v2_s43:BidirectionalMP_Choice_RH_ALNS:s43,43,synthetic_n20_v2_s43,FullModel,req_2,feasibility_rejected,no_feasible_route,walk_sensitive,,,,,,,,,,,,,,,,,,,,,
synthetic_n20_v2_s43:BidirectionalMP_Choice_RH_ALNS:s43,43,synthetic_n20_v2_s43,FullModel,req_14,feasibility_rejected,no_feasible_route,price_sensitive,,,,,,,,,,,,,,,,,,,,,
synthetic_n20_v2_s43:BidirectionalMP_Choice_RH_ALNS:s43,43,synthetic_n20_v2_s43,FullModel,req_17,feasibility_rejected,no_feasible_route,price_sensitive,,,,,,,,,,,,,,,,,,,,,
synthetic_n20_v2_s43:BidirectionalMP_Choice_RH_ALNS:s43,43,synthetic_n20_v2_s43,FullModel,req_12,feasibility_rejected,no_feasible_route,price_sensitive,,,,,,,,,,,,,,,,,,,,,
synthetic_n20_v2_s43:DoorToDoor_Choice_CommonRouting:s43,43,synthetic_n20_v2_s43,DoorToDoor,req_4,served,accepted,price_sensitive,0.0,0.0,5.982143912222087,21.688636909715168,0.0,DoorToDoor,dtd_pu_req_4,dtd_do_req_4,veh_1,1240.3624039543251,2541.680618537235,-0.0,-0.23928575648888348,-0.43377273819430334,-0.0,0.0,0.0,-0.6730584946831868,0.0,0.3378123313217276,0.005657614873576966
synthetic_n20_v2_s43:DoorToDoor_Choice_CommonRouting:s43,43,synthetic_n20_v2_s43,DoorToDoor,req_10,feasibility_rejected,no_feasible_route,walk_sensitive,,,,,,,,,,,,,,,,,,,,,
synthetic_n20_v2_s43:DoorToDoor_Choice_CommonRouting:s43,43,synthetic_n20_v2_s43,DoorToDoor,req_5,choice_rejected,passenger_declined,price_sensitive,0.0,0.0,1.4937649925554335,9.262953239115863,0.0,DoorToDoor,dtd_pu_req_5,dtd_do_req_5,veh_1,1573.4121236096032,2129.189317956555,-0.0,-0.05975059970221734,-0.18525906478231727,-0.0,0.0,0.0,-0.2450096644845346,0.0,0.4390521694528101,0.6525839534674364
synthetic_n20_v2_s43:DoorToDoor_Choice_CommonRouting:s43,43,synthetic_n20_v2_s43,DoorToDoor,req_11,choice_rejected,passenger_declined,time_sensitive,0.0,0.0,11.72974971424859,6.322112387786274,0.0,DoorToDoor,dtd_pu_req_11,dtd_do_req_11,veh_1,2272.5320766589466,2651.858819926123,-0.0,-1.172974971424859,-0.505768991022902,-0.0,0.0,0.0,-1.678743962447761,0.0,0.1572618606032583,0.30242226757147095
synthetic_n20_v2_s43:DoorToDoor_Choice_CommonRouting:s43,43,synthetic_n20_v2_s43,DoorToDoor,req_7,feasibility_rejected,no_feasible_route,price_sensitive,,,,,,,,,,,,,,,,,,,,,
synthetic_n20_v2_s43:DoorToDoor_Choice_CommonRouting:s43,43,synthetic_n20_v2_s43,DoorToDoor,req_8,served,accepted,price_sensitive,0.0,0.0,13.883564228165005,14.810746989552975,0.0,DoorToDoor,dtd_pu_req_8,dtd_do_req_8,veh_1,3511.528895123909,4400.1737144970875,-0.0,-0.5553425691266002,-0.2962149397910595,-0.0,0.0,0.0,-0.8515575089176597,0.0,0.29910623658362384,0.03455788259304304
synthetic_n20_v2_s43:DoorToDoor_Choice_CommonRouting:s43,43,synthetic_n20_v2_s43,DoorToDoor,req_16,feasibility_rejected,no_feasible_route,price_sensitive,,,,,,,,,,,,,,,,,,,,,
synthetic_n20_v2_s43:DoorToDoor_Choice_CommonRouting:s43,43,synthetic_n20_v2_s43,DoorToDoor,req_13,choice_rejected,passenger_declined,price_sensitive,0.0,0.0,15.115689834515495,7.951398180014379,0.0,DoorToDoor,dtd_pu_req_13,dtd_do_req_13,veh_1,5768.972135420696,6246.056026221559,-0.0,-0.6046275933806198,-0.15902796360028756,-0.0,0.0,0.0,-0.7636555569809074,0.0,0.3178531319161877,0.5227671931473256
synthetic_n20_v2_s43:DoorToDoor_Choice_CommonRouting:s43,43,synthetic_n20_v2_s43,DoorToDoor,req_1,feasibility_rejected,no_feasible_route,walk_sensitive,,,,,,,,,,,,,,,,,,,,,
synthetic_n20_v2_s43:DoorToDoor_Choice_CommonRouting:s43,43,synthetic_n20_v2_s43,DoorToDoor,req_18,feasibility_rejected,no_feasible_route,time_sensitive,,,,,,,,,,,,,,,,,,,,,
synthetic_n20_v2_s43:DoorToDoor_Choice_CommonRouting:s43,43,synthetic_n20_v2_s43,DoorToDoor,req_15,feasibility_rejected,no_feasible_route,walk_sensitive,,,,,,,,,,,,,,,,,,,,,
synthetic_n20_v2_s43:DoorToDoor_Choice_CommonRouting:s43,43,synthetic_n20_v2_s43,DoorToDoor,req_19,feasibility_rejected,no_feasible_route,time_sensitive,,,,,,,,,,,,,,,,,,,,,
synthetic_n20_v2_s43:DoorToDoor_Choice_CommonRouting:s43,43,synthetic_n20_v2_s43,DoorToDoor,req_6,feasibility_rejected,no_feasible_route,time_sensitive,,,,,,,,,,,,,,,,,,,,,
synthetic_n20_v2_s43:DoorToDoor_Choice_CommonRouting:s43,43,synthetic_n20_v2_s43,DoorToDoor,req_0,feasibility_rejected,no_feasible_route,time_sensitive,,,,,,,,,,,,,,,,,,,,,
synthetic_n20_v2_s43:DoorToDoor_Choice_CommonRouting:s43,43,synthetic_n20_v2_s43,DoorToDoor,req_3,feasibility_rejected,no_feasible_route,time_sensitive,,,,,,,,,,,,,,,,,,,,,
synthetic_n20_v2_s43:DoorToDoor_Choice_CommonRouting:s43,43,synthetic_n20_v2_s43,DoorToDoor,req_9,feasibility_rejected,no_feasible_route,time_sensitive,,,,,,,,,,,,,,,,,,,,,
synthetic_n20_v2_s43:DoorToDoor_Choice_CommonRouting:s43,43,synthetic_n20_v2_s43,DoorToDoor,req_2,feasibility_rejected,no_feasible_route,walk_sensitive,,,,,,,,,,,,,,,,,,,,,
synthetic_n20_v2_s43:DoorToDoor_Choice_CommonRouting:s43,43,synthetic_n20_v2_s43,DoorToDoor,req_14,feasibility_rejected,no_feasible_route,price_sensitive,,,,,,,,,,,,,,,,,,,,,
synthetic_n20_v2_s43:DoorToDoor_Choice_CommonRouting:s43,43,synthetic_n20_v2_s43,DoorToDoor,req_17,feasibility_rejected,no_feasible_route,price_sensitive,,,,,,,,,,,,,,,,,,,,,
synthetic_n20_v2_s43:DoorToDoor_Choice_CommonRouting:s43,43,synthetic_n20_v2_s43,DoorToDoor,req_12,feasibility_rejected,no_feasible_route,price_sensitive,,,,,,,,,,,,,,,,,,,,,
synthetic_n20_v2_s43:SingleSidedDropoff_Choice_CommonRouting:s43,43,synthetic_n20_v2_s43,SingleSidedDropoff,req_4,served,accepted,price_sensitive,0.0,1.12100666245051,5.982143912222087,19.487251810001233,0.0,SingleSidedDropoff,ssd_pu_req_4,mp_4_1,veh_1,1240.3624039543251,2409.597512554399,-0.00560503331225255,-0.23928575648888348,-0.38974503620002465,-0.0,0.0,0.0,-0.6346358260011606,0.0,0.34646012277116456,0.005657614873576966
synthetic_n20_v2_s43:SingleSidedDropoff_Choice_CommonRouting:s43,43,synthetic_n20_v2_s43,SingleSidedDropoff,req_10,feasibility_rejected,no_feasible_route,walk_sensitive,,,,,,,,,,,,,,,,,,,,,
synthetic_n20_v2_s43:SingleSidedDropoff_Choice_CommonRouting:s43,43,synthetic_n20_v2_s43,SingleSidedDropoff,req_5,choice_rejected,passenger_declined,price_sensitive,0.0,0.49867634219416185,1.4937649925554335,8.513151475735288,0.0,SingleSidedDropoff,ssd_pu_req_5,mp_9_5,veh_1,1573.4121236096032,2084.2012121537205,-0.0024933817109708094,-0.05975059970221734,-0.17026302951470576,-0.0,0.0,0.0,-0.23250701092789391,0.0,0.44213369802274505,0.6525839534674364
synthetic_n20_v2_s43:SingleSidedDropoff_Choice_CommonRouting:s43,43,synthetic_n20_v2_s43,SingleSidedDropoff,req_11,choice_rejected,passenger_declined,time_sensitive,0.0,1.0923528594850138,11.72974971424859,5.43801895634537,0.0,SingleSidedDropoff,ssd_pu_req_11,mp_1_8,veh_1,2272.5320766589466,2598.8132140396688,-0.005461764297425069,-1.172974971424859,-0.43504151650762957,-0.0,0.0,0.0,-1.6134782522299136,0.0,0.16610626386329252,0.30242226757147095
synthetic_n20_v2_s43:SingleSidedDropoff_Choice_CommonRouting:s43,43,synthetic_n20_v2_s43,SingleSidedDropoff,req_7,feasibility_rejected,no_feasible_route,price_sensitive,,,,,,,,,,,,,,,,,,,,,
synthetic_n20_v2_s43:SingleSidedDropoff_Choice_CommonRouting:s43,43,synthetic_n20_v2_s43,SingleSidedDropoff,req_8,served,accepted,price_sensitive,0.0,1.3718466557371614,10.889014006333287,12.344379134643896,0.0,SingleSidedDropoff,ssd_pu_req_8,mp_6_3,veh_1,3331.855881814006,4072.5186298926396,-0.006859233278685807,-0.4355605602533315,-0.24688758269287792,-0.0,0.0,0.0,-0.6893073762248952,0.0,0.334187168563184,0.03455788259304304
synthetic_n20_v2_s43:SingleSidedDropoff_Choice_CommonRouting:s43,43,synthetic_n20_v2_s43,SingleSidedDropoff,req_16,feasibility_rejected,no_feasible_route,price_sensitive,,,,,,,,,,,,,,,,,,,,,
synthetic_n20_v2_s43:SingleSidedDropoff_Choice_CommonRouting:s43,43,synthetic_n20_v2_s43,SingleSidedDropoff,req_13,choice_rejected,passenger_declined,price_sensitive,0.0,0.30881015738117457,14.940788079034004,7.519797277938854,0.0,SingleSidedDropoff,ssd_pu_req_13,mp_9_9,veh_1,5758.478030091806,6209.665866768138,-0.0015440507869058729,-0.5976315231613601,-0.15039594555877708,-0.0,0.0,0.0,-0.7495715195070431,0.0,0.3209146717460314,0.5227671931473256
synthetic_n20_v2_s43:SingleSidedDropoff_Choice_CommonRouting:s43,43,synthetic_n20_v2_s43,SingleSidedDropoff,req_1,feasibility_rejected,no_feasible_route,walk_sensitive,,,,,,,,,,,,,,,,,,,,,
synthetic_n20_v2_s43:SingleSidedDropoff_Choice_CommonRouting:s43,43,synthetic_n20_v2_s43,SingleSidedDropoff,req_18,feasibility_rejected,no_feasible_route,time_sensitive,,,,,,,,,,,,,,,,,,,,,
synthetic_n20_v2_s43:SingleSidedDropoff_Choice_CommonRouting:s43,43,synthetic_n20_v2_s43,SingleSidedDropoff,req_15,feasibility_rejected,no_feasible_route,walk_sensitive,,,,,,,,,,,,,,,,,,,,,
synthetic_n20_v2_s43:SingleSidedDropoff_Choice_CommonRouting:s43,43,synthetic_n20_v2_s43,SingleSidedDropoff,req_19,feasibility_rejected,no_feasible_route,time_sensitive,,,,,,,,,,,,,,,,,,,,,
synthetic_n20_v2_s43:SingleSidedDropoff_Choice_CommonRouting:s43,43,synthetic_n20_v2_s43,SingleSidedDropoff,req_6,feasibility_rejected,no_feasible_route,time_sensitive,,,,,,,,,,,,,,,,,,,,,
synthetic_n20_v2_s43:SingleSidedDropoff_Choice_CommonRouting:s43,43,synthetic_n20_v2_s43,SingleSidedDropoff,req_0,feasibility_rejected,no_feasible_route,time_sensitive,,,,,,,,,,,,,,,,,,,,,
synthetic_n20_v2_s43:SingleSidedDropoff_Choice_CommonRouting:s43,43,synthetic_n20_v2_s43,SingleSidedDropoff,req_3,feasibility_rejected,no_feasible_route,time_sensitive,,,,,,,,,,,,,,,,,,,,,
synthetic_n20_v2_s43:SingleSidedDropoff_Choice_CommonRouting:s43,43,synthetic_n20_v2_s43,SingleSidedDropoff,req_9,feasibility_rejected,no_feasible_route,time_sensitive,,,,,,,,,,,,,,,,,,,,,
synthetic_n20_v2_s43:SingleSidedDropoff_Choice_CommonRouting:s43,43,synthetic_n20_v2_s43,SingleSidedDropoff,req_2,feasibility_rejected,no_feasible_route,walk_sensitive,,,,,,,,,,,,,,,,,,,,,
synthetic_n20_v2_s43:SingleSidedDropoff_Choice_CommonRouting:s43,43,synthetic_n20_v2_s43,SingleSidedDropoff,req_14,feasibility_rejected,no_feasible_route,price_sensitive,,,,,,,,,,,,,,,,,,,,,
synthetic_n20_v2_s43:SingleSidedDropoff_Choice_CommonRouting:s43,43,synthetic_n20_v2_s43,SingleSidedDropoff,req_17,feasibility_rejected,no_feasible_route,price_sensitive,,,,,,,,,,,,,,,,,,,,,
synthetic_n20_v2_s43:SingleSidedDropoff_Choice_CommonRouting:s43,43,synthetic_n20_v2_s43,SingleSidedDropoff,req_12,feasibility_rejected,no_feasible_route,price_sensitive,,,,,,,,,,,,,,,,,,,,,
synthetic_n20_v2_s43:SingleSidedPickup_Choice_CommonRouting:s43,43,synthetic_n20_v2_s43,SingleSidedPickup,req_4,served,accepted,price_sensitive,0.5144504420654831,0.0,5.461014663023078,22.595294506288774,0.0,SingleSidedPickup,mp_5_6,ssp_do_req_4,veh_1,1209.0946490023846,2564.812319379711,-0.0025722522103274153,-0.21844058652092313,-0.4519058901257755,-0.0,0.0,0.0,-0.672918728857026,0.0,0.3378435969692791,0.005657614873576966
synthetic_n20_v2_s43:SingleSidedPickup_Choice_CommonRouting:s43,43,synthetic_n20_v2_s43,SingleSidedPickup,req_10,feasibility_rejected,no_feasible_route,walk_sensitive,,,,,,,,,,,,,,,,,,,,,
synthetic_n20_v2_s43:SingleSidedPickup_Choice_CommonRouting:s43,43,synthetic_n20_v2_s43,SingleSidedPickup,req_5,choice_rejected,passenger_declined,price_sensitive,0.7857268272990651,0.0,1.4395181890381348,9.57656202031747,0.0,SingleSidedPickup,mp_8_3,ssp_do_req_5,veh_1,1570.1573153985653,2144.7510366176134,-0.003928634136495326,-0.057580727561525394,-0.1915312404063494,-0.0,0.0,0.0,-0.2530406021043701,0.0,0.4370752453411245,0.6525839534674364
synthetic_n20_v2_s43:SingleSidedPickup_Choice_CommonRouting:s43,43,synthetic_n20_v2_s43,SingleSidedPickup,req_11,choice_rejected,passenger_declined,time_sensitive,0.7559000693880173,0.0,10.504814697954396,4.814727454257263,0.0,SingleSidedPickup,mp_1_7,ssp_do_req_11,veh_1,2199.035975681295,2487.919622936731,-0.0037795003469400868,-1.0504814697954397,-0.3851781963405811,-0.0,0.0,0.0,-1.4394391664829609,0.0,0.19163221186839366,0.30242226757147095
synthetic_n20_v2_s43:SingleSidedPickup_Choice_CommonRouting:s43,43,synthetic_n20_v2_s43,SingleSidedPickup,req_7,choice_rejected,passenger_declined,price_sensitive,0.6258772887032603,0.0,0.12318526659724588,21.868190211386484,0.0,SingleSidedPickup,mp_9_3,ssp_do_req_7,veh_1,2409.5748410792153,3721.6662537624043,-0.0031293864435163014,-0.004927410663889836,-0.4373638042277297,-0.0,0.0,0.0,-0.44542060133513584,0.0,0.3904501091384799,0.39317640378892393
synthetic_n20_v2_s43:SingleSidedPickup_Choice_CommonRouting:s43,43,synthetic_n20_v2_s43,SingleSidedPickup,req_8,served,accepted,price_sensitive,1.072543135513349,0.0,2.3532132773975794,16.928844565476343,0.0,SingleSidedPickup,mp_8_0,ssp_do_req_8,veh_1,2819.7078380778635,3835.438512006444,-0.0053627156775667454,-0.09412853109590318,-0.33857689130952684,-0.0,0.0,0.0,-0.43806813808299677,0.0,0.39220138942657234,0.03455788259304304
synthetic_n20_v2_s43:SingleSidedPickup_Choice_CommonRouting:s43,43,synthetic_n20_v2_s43,SingleSidedPickup,req_16,feasibility_rejected,no_feasible_route,price_sensitive,,,,,,,,,,,,,,,,,,,,,
synthetic_n20_v2_s43:SingleSidedPickup_Choice_CommonRouting:s43,43,synthetic_n20_v2_s43,SingleSidedPickup,req_13,feasibility_rejected,no_candidate_mp,price_sensitive,,,,,,,,,,,,,,,,,,,,,
synthetic_n20_v2_s43:SingleSidedPickup_Choice_CommonRouting:s43,43,synthetic_n20_v2_s43,SingleSidedPickup,req_1,served,accepted,walk_sensitive,1.064345660901885,0.0,8.014667661235702,15.478105278414054,0.0,SingleSidedPickup,mp_4_5,ssp_do_req_1,veh_1,5843.075463495479,6771.761780200322,-0.021286913218037704,-0.3205867064494281,-0.30956210556828107,-0.0,0.0,0.0,-0.6514357252357469,0.0,0.3426660728979872,0.25225110743284884
synthetic_n20_v2_s43:SingleSidedPickup_Choice_CommonRouting:s43,43,synthetic_n20_v2_s43,SingleSidedPickup,req_18,choice_rejected,passenger_declined,time_sensitive,1.2555370508343793,0.0,8.990925788754309,37.50325176160571,0.0,SingleSidedPickup,mp_9_2,ssp_do_req_18,veh_1,6065.851194906007,8316.04630060235,-0.006277685254171897,-0.8990925788754309,-3.000260140928457,-0.0,0.0,0.0,-3.9056304050580595,0.0,0.019731108618369915,0.11307644171040765
synthetic_n20_v2_s43:SingleSidedPickup_Choice_CommonRouting:s43,43,synthetic_n20_v2_s43,SingleSidedPickup,req_15,feasibility_rejected,no_feasible_route,walk_sensitive,,,,,,,,,,,,,,,,,,,,,
synthetic_n20_v2_s43:SingleSidedPickup_Choice_CommonRouting:s43,43,synthetic_n20_v2_s43,SingleSidedPickup,req_19,feasibility_rejected,no_feasible_route,time_sensitive,,,,,,,,,,,,,,,,,,,,,
synthetic_n20_v2_s43:SingleSidedPickup_Choice_CommonRouting:s43,43,synthetic_n20_v2_s43,SingleSidedPickup,req_6,feasibility_rejected,no_feasible_route,time_sensitive,,,,,,,,,,,,,,,,,,,,,
synthetic_n20_v2_s43:SingleSidedPickup_Choice_CommonRouting:s43,43,synthetic_n20_v2_s43,SingleSidedPickup,req_0,feasibility_rejected,no_feasible_route,time_sensitive,,,,,,,,,,,,,,,,,,,,,
synthetic_n20_v2_s43:SingleSidedPickup_Choice_CommonRouting:s43,43,synthetic_n20_v2_s43,SingleSidedPickup,req_3,feasibility_rejected,no_feasible_route,time_sensitive,,,,,,,,,,,,,,,,,,,,,
synthetic_n20_v2_s43:SingleSidedPickup_Choice_CommonRouting:s43,43,synthetic_n20_v2_s43,SingleSidedPickup,req_9,feasibility_rejected,no_candidate_mp,time_sensitive,,,,,,,,,,,,,,,,,,,,,
synthetic_n20_v2_s43:SingleSidedPickup_Choice_CommonRouting:s43,43,synthetic_n20_v2_s43,SingleSidedPickup,req_2,feasibility_rejected,no_feasible_route,walk_sensitive,,,,,,,,,,,,,,,,,,,,,
synthetic_n20_v2_s43:SingleSidedPickup_Choice_CommonRouting:s43,43,synthetic_n20_v2_s43,SingleSidedPickup,req_14,feasibility_rejected,no_feasible_route,price_sensitive,,,,,,,,,,,,,,,,,,,,,
synthetic_n20_v2_s43:SingleSidedPickup_Choice_CommonRouting:s43,43,synthetic_n20_v2_s43,SingleSidedPickup,req_17,feasibility_rejected,no_feasible_route,price_sensitive,,,,,,,,,,,,,,,,,,,,,
synthetic_n20_v2_s43:SingleSidedPickup_Choice_CommonRouting:s43,43,synthetic_n20_v2_s43,SingleSidedPickup,req_12,feasibility_rejected,no_feasible_route,price_sensitive,,,,,,,,,,,,,,,,,,,,,
synthetic_n20_v2_s44:BidirectionalMP_Choice_RH_ALNS:s44,44,synthetic_n20_v2_s44,FullModel,req_16,served,accepted,price_sensitive,0.06177554526424183,1.2736508791673427,5.22382885263382,21.549278940114057,0.0,BidirectionalMeetingPoint,mp_3_4,mp_5_9,veh_0,1361.3647503718557,2654.321486778699,-0.006677132122157923,-0.20895315410535278,-0.43098557880228117,-0.0,0.0,0.0,-0.6466158650297918,0.0,0.34375254910196673,0.3200765429920128
synthetic_n20_v2_s44:BidirectionalMP_Choice_RH_ALNS:s44,44,synthetic_n20_v2_s44,FullModel,req_2,choice_rejected,passenger_declined,walk_sensitive,0.44312186375854734,1.4877897405856684,9.038189807669319,12.004801920768307,0.0,BidirectionalMeetingPoint,mp_4_4,mp_7_4,veh_0,1601.4607887872219,2321.7489040333203,-0.038618232086884315,-0.3615275923067728,-0.24009603841536614,-0.0,0.0,0.0,-0.6402418628090232,0.0,0.34519186802177954,0.5542755403074645
synthetic_n20_v2_s44:BidirectionalMP_Choice_RH_ALNS:s44,44,synthetic_n20_v2_s44,FullModel,req_0,choice_rejected,passenger_declined,time_sensitive,1.1730488416096507,1.3255993278528873,2.854578817153803,22.63647158660417,0.0,BidirectionalMeetingPoint,mp_4_6,mp_8_2,veh_0,3413.5718253545406,4771.760120550791,-0.01249324084731269,-0.2854578817153803,-1.8109177269283336,-0.0,0.0,0.0,-2.1088688494910266,0.0,0.10823779972646193,0.637309796393076
synthetic_n20_v2_s44:BidirectionalMP_Choice_RH_ALNS:s44,44,synthetic_n20_v2_s44,FullModel,req_7,served,accepted,price_sensitive,0.8632351201630388,1.206197719048595,5.233287061055974,8.003201280512197,0.0,BidirectionalMeetingPoint,mp_8_6,mp_6_6,veh_0,3672.9627081758863,4153.154785006618,-0.01034716419605817,-0.20933148244223898,-0.16006402561024394,-0.0,0.0,0.0,-0.3797426722485411,0.0,0.40618896288947326,0.39317640378892393
synthetic_n20_v2_s44:BidirectionalMP_Choice_RH_ALNS:s44,44,synthetic_n20_v2_s44,FullModel,req_14,feasibility_rejected,no_feasible_route,price_sensitive,,,,,,,,,,,,,,,,,,,,,
synthetic_n20_v2_s44:BidirectionalMP_Choice_RH_ALNS:s44,44,synthetic_n20_v2_s44,FullModel,req_19,feasibility_rejected,no_feasible_route,time_sensitive,,,,,,,,,,,,,,,,,,,,,
synthetic_n20_v2_s44:BidirectionalMP_Choice_RH_ALNS:s44,44,synthetic_n20_v2_s44,FullModel,req_12,feasibility_rejected,no_feasible_route,price_sensitive,,,,,,,,,,,,,,,,,,,,,
synthetic_n20_v2_s44:BidirectionalMP_Choice_RH_ALNS:s44,44,synthetic_n20_v2_s44,FullModel,req_10,feasibility_rejected,no_candidate_mp,walk_sensitive,,,,,,,,,,,,,,,,,,,,,
synthetic_n20_v2_s44:BidirectionalMP_Choice_RH_ALNS:s44,44,synthetic_n20_v2_s44,FullModel,req_4,feasibility_rejected,no_feasible_route,price_sensitive,,,,,,,,,,,,,,,,,,,,,
synthetic_n20_v2_s44:BidirectionalMP_Choice_RH_ALNS:s44,44,synthetic_n20_v2_s44,FullModel,req_15,feasibility_rejected,no_feasible_route,walk_sensitive,,,,,,,,,,,,,,,,,,,,,
synthetic_n20_v2_s44:BidirectionalMP_Choice_RH_ALNS:s44,44,synthetic_n20_v2_s44,FullModel,req_18,feasibility_rejected,no_feasible_route,time_sensitive,,,,,,,,,,,,,,,,,,,,,
synthetic_n20_v2_s44:BidirectionalMP_Choice_RH_ALNS:s44,44,synthetic_n20_v2_s44,FullModel,req_11,feasibility_rejected,no_feasible_route,time_sensitive,,,,,,,,,,,,,,,,,,,,,
synthetic_n20_v2_s44:BidirectionalMP_Choice_RH_ALNS:s44,44,synthetic_n20_v2_s44,FullModel,req_13,feasibility_rejected,no_feasible_route,price_sensitive,,,,,,,,,,,,,,,,,,,,,
synthetic_n20_v2_s44:BidirectionalMP_Choice_RH_ALNS:s44,44,synthetic_n20_v2_s44,FullModel,req_9,feasibility_rejected,no_feasible_route,time_sensitive,,,,,,,,,,,,,,,,,,,,,
synthetic_n20_v2_s44:BidirectionalMP_Choice_RH_ALNS:s44,44,synthetic_n20_v2_s44,FullModel,req_17,feasibility_rejected,no_feasible_route,price_sensitive,,,,,,,,,,,,,,,,,,,,,
synthetic_n20_v2_s44:BidirectionalMP_Choice_RH_ALNS:s44,44,synthetic_n20_v2_s44,FullModel,req_6,feasibility_rejected,no_feasible_route,time_sensitive,,,,,,,,,,,,,,,,,,,,,
synthetic_n20_v2_s44:BidirectionalMP_Choice_RH_ALNS:s44,44,synthetic_n20_v2_s44,FullModel,req_5,feasibility_rejected,no_feasible_route,price_sensitive,,,,,,,,,,,,,,,,,,,,,
synthetic_n20_v2_s44:BidirectionalMP_Choice_RH_ALNS:s44,44,synthetic_n20_v2_s44,FullModel,req_8,feasibility_rejected,no_feasible_route,price_sensitive,,,,,,,,,,,,,,,,,,,,,
synthetic_n20_v2_s44:BidirectionalMP_Choice_RH_ALNS:s44,44,synthetic_n20_v2_s44,FullModel,req_3,feasibility_rejected,no_feasible_route,time_sensitive,,,,,,,,,,,,,,,,,,,,,
synthetic_n20_v2_s44:BidirectionalMP_Choice_RH_ALNS:s44,44,synthetic_n20_v2_s44,FullModel,req_1,feasibility_rejected,no_feasible_route,walk_sensitive,,,,,,,,,,,,,,,,,,,,,
synthetic_n20_v2_s44:DoorToDoor_Choice_CommonRouting:s44,44,synthetic_n20_v2_s44,DoorToDoor,req_16,served,accepted,price_sensitive,0.0,0.0,5.1040239753459185,23.75721244656677,0.0,DoorToDoor,dtd_pu_req_16,dtd_do_req_16,veh_0,1354.1764577345816,2779.6092045285877,-0.0,-0.20416095901383674,-0.4751442489313354,-0.0,0.0,0.0,-0.6793052079451721,0.0,0.33641639062077405,0.3200765429920128
synthetic_n20_v2_s44:DoorToDoor_Choice_CommonRouting:s44,44,synthetic_n20_v2_s44,DoorToDoor,req_2,choice_rejected,passenger_declined,walk_sensitive,0.0,0.0,8.060911490516814,12.912552986191361,0.0,DoorToDoor,dtd_pu_req_2,dtd_do_req_2,veh_0,1542.8240897580715,2317.577268929553,-0.0,-0.3224364596206726,-0.2582510597238272,-0.0,0.0,0.0,-0.5806875193444998,0.0,0.3587744108208831,0.5542755403074645
synthetic_n20_v2_s44:DoorToDoor_Choice_CommonRouting:s44,44,synthetic_n20_v2_s44,DoorToDoor,req_0,feasibility_rejected,no_feasible_route,time_sensitive,,,,,,,,,,,,,,,,,,,,,
synthetic_n20_v2_s44:DoorToDoor_Choice_CommonRouting:s44,44,synthetic_n20_v2_s44,DoorToDoor,req_7,choice_rejected,passenger_declined,price_sensitive,0.0,0.0,7.21885709426809,10.276350651456188,0.0,DoorToDoor,dtd_pu_req_7,dtd_do_req_7,veh_0,3792.0969101686132,4408.6779492559845,-0.0,-0.2887542837707236,-0.20552701302912377,-0.0,0.0,0.0,-0.49428129679984734,0.0,0.378885523427255,0.39317640378892393
synthetic_n20_v2_s44:DoorToDoor_Choice_CommonRouting:s44,44,synthetic_n20_v2_s44,DoorToDoor,req_14,feasibility_rejected,no_feasible_route,price_sensitive,,,,,,,,,,,,,,,,,,,,,
synthetic_n20_v2_s44:DoorToDoor_Choice_CommonRouting:s44,44,synthetic_n20_v2_s44,DoorToDoor,req_19,feasibility_rejected,no_feasible_route,time_sensitive,,,,,,,,,,,,,,,,,,,,,
synthetic_n20_v2_s44:DoorToDoor_Choice_CommonRouting:s44,44,synthetic_n20_v2_s44,DoorToDoor,req_12,feasibility_rejected,no_feasible_route,price_sensitive,,,,,,,,,,,,,,,,,,,,,
synthetic_n20_v2_s44:DoorToDoor_Choice_CommonRouting:s44,44,synthetic_n20_v2_s44,DoorToDoor,req_10,feasibility_rejected,no_feasible_route,walk_sensitive,,,,,,,,,,,,,,,,,,,,,
synthetic_n20_v2_s44:DoorToDoor_Choice_CommonRouting:s44,44,synthetic_n20_v2_s44,DoorToDoor,req_4,feasibility_rejected,no_feasible_route,price_sensitive,,,,,,,,,,,,,,,,,,,,,
synthetic_n20_v2_s44:DoorToDoor_Choice_CommonRouting:s44,44,synthetic_n20_v2_s44,DoorToDoor,req_15,feasibility_rejected,no_feasible_route,walk_sensitive,,,,,,,,,,,,,,,,,,,,,
synthetic_n20_v2_s44:DoorToDoor_Choice_CommonRouting:s44,44,synthetic_n20_v2_s44,DoorToDoor,req_18,feasibility_rejected,no_feasible_route,time_sensitive,,,,,,,,,,,,,,,,,,,,,
synthetic_n20_v2_s44:DoorToDoor_Choice_CommonRouting:s44,44,synthetic_n20_v2_s44,DoorToDoor,req_11,feasibility_rejected,no_feasible_route,time_sensitive,,,,,,,,,,,,,,,,,,,,,
synthetic_n20_v2_s44:DoorToDoor_Choice_CommonRouting:s44,44,synthetic_n20_v2_s44,DoorToDoor,req_13,feasibility_rejected,no_feasible_route,price_sensitive,,,,,,,,,,,,,,,,,,,,,
synthetic_n20_v2_s44:DoorToDoor_Choice_CommonRouting:s44,44,synthetic_n20_v2_s44,DoorToDoor,req_9,feasibility_rejected,no_feasible_route,time_sensitive,,,,,,,,,,,,,,,,,,,,,
synthetic_n20_v2_s44:DoorToDoor_Choice_CommonRouting:s44,44,synthetic_n20_v2_s44,DoorToDoor,req_17,feasibility_rejected,no_feasible_route,price_sensitive,,,,,,,,,,,,,,,,,,,,,
synthetic_n20_v2_s44:DoorToDoor_Choice_CommonRouting:s44,44,synthetic_n20_v2_s44,DoorToDoor,req_6,feasibility_rejected,no_feasible_route,time_sensitive,,,,,,,,,,,,,,,,,,,,,
synthetic_n20_v2_s44:DoorToDoor_Choice_CommonRouting:s44,44,synthetic_n20_v2_s44,DoorToDoor,req_5,feasibility_rejected,no_feasible_route,price_sensitive,,,,,,,,,,,,,,,,,,,,,
synthetic_n20_v2_s44:DoorToDoor_Choice_CommonRouting:s44,44,synthetic_n20_v2_s44,DoorToDoor,req_8,feasibility_rejected,no_feasible_route,price_sensitive,,,,,,,,,,,,,,,,,,,,,
synthetic_n20_v2_s44:DoorToDoor_Choice_CommonRouting:s44,44,synthetic_n20_v2_s44,DoorToDoor,req_3,feasibility_rejected,no_feasible_route,time_sensitive,,,,,,,,,,,,,,,,,,,,,
synthetic_n20_v2_s44:DoorToDoor_Choice_CommonRouting:s44,44,synthetic_n20_v2_s44,DoorToDoor,req_1,feasibility_rejected,no_feasible_route,walk_sensitive,,,,,,,,,,,,,,,,,,,,,
synthetic_n20_v2_s44:SingleSidedDropoff_Choice_CommonRouting:s44,44,synthetic_n20_v2_s44,SingleSidedDropoff,req_16,served,accepted,price_sensitive,0.0,1.2736508791673427,5.1040239753459185,21.43645905853469,0.0,SingleSidedDropoff,ssd_pu_req_16,mp_5_9,veh_0,1354.1764577345816,2640.364001246663,-0.0063682543958367135,-0.20416095901383674,-0.4287291811706938,-0.0,0.0,0.0,-0.6392583945803673,0.0,0.3454141995461427,0.3200765429920128
synthetic_n20_v2_s44:SingleSidedDropoff_Choice_CommonRouting:s44,44,synthetic_n20_v2_s44,SingleSidedDropoff,req_2,choice_rejected,passenger_declined,walk_sensitive,0.0,1.4877897405856684,8.060911490516814,12.869669610459168,0.0,SingleSidedDropoff,ssd_pu_req_2,mp_7_4,veh_0,1542.8240897580715,2315.0042663856216,-0.02975579481171337,-0.3224364596206726,-0.25739339220918334,-0.0,0.0,0.0,-0.6095856466415692,0.0,0.35215372331511635,0.5542755403074645
synthetic_n20_v2_s44:SingleSidedDropoff_Choice_CommonRouting:s44,44,synthetic_n20_v2_s44,SingleSidedDropoff,req_0,choice_rejected,passenger_declined,time_sensitive,0.0,1.3255993278528873,4.7547507692456215,20.800203607168427,0.0,SingleSidedDropoff,ssd_pu_req_0,mp_8_2,veh_0,3527.5821424800497,4775.594358910155,-0.006627996639264436,-0.47547507692456215,-1.6640162885734742,-0.0,0.0,0.0,-2.1461193621373007,0.0,0.1046944112550231,0.637309796393076
synthetic_n20_v2_s44:SingleSidedDropoff_Choice_CommonRouting:s44,44,synthetic_n20_v2_s44,SingleSidedDropoff,req_7,served,accepted,price_sensitive,0.0,1.206197719048595,5.086136959771071,9.303666659125504,0.0,SingleSidedDropoff,ssd_pu_req_7,mp_6_6,veh_0,3664.133702098792,4222.353701646322,-0.006030988595242976,-0.20344547839084284,-0.1860733331825101,-0.0,0.0,0.0,-0.3955498001685959,0.0,0.4023820162326455,0.39317640378892393
synthetic_n20_v2_s44:SingleSidedDropoff_Choice_CommonRouting:s44,44,synthetic_n20_v2_s44,SingleSidedDropoff,req_14,feasibility_rejected,no_feasible_route,price_sensitive,,,,,,,,,,,,,,,,,,,,,
synthetic_n20_v2_s44:SingleSidedDropoff_Choice_CommonRouting:s44,44,synthetic_n20_v2_s44,SingleSidedDropoff,req_19,feasibility_rejected,no_feasible_route,time_sensitive,,,,,,,,,,,,,,,,,,,,,
synthetic_n20_v2_s44:SingleSidedDropoff_Choice_CommonRouting:s44,44,synthetic_n20_v2_s44,SingleSidedDropoff,req_12,feasibility_rejected,no_feasible_route,price_sensitive,,,,,,,,,,,,,,,,,,,,,
synthetic_n20_v2_s44:SingleSidedDropoff_Choice_CommonRouting:s44,44,synthetic_n20_v2_s44,SingleSidedDropoff,req_10,served,accepted,walk_sensitive,0.0,0.2311708281547887,7.2944563260544175,33.4170025786179,0.0,SingleSidedDropoff,ssd_pu_req_10,mp_2_1,veh_0,5335.546384173641,7340.566538890715,-0.004623416563095774,-0.2917782530421767,-0.668340051572358,-0.0,0.0,0.0,-0.9647417211776305,0.0,0.275929828429369,0.2651230802135991
synthetic_n20_v2_s44:SingleSidedDropoff_Choice_CommonRouting:s44,44,synthetic_n20_v2_s44,SingleSidedDropoff,req_4,served,accepted,price_sensitive,0.0,1.330259246579697,3.012914303663471,31.005692692753215,0.0,SingleSidedDropoff,ssd_pu_req_4,mp_1_4,veh_0,7053.620833201095,8913.962394766288,-0.006651296232898485,-0.12051657214653885,-0.6201138538550643,-0.0,0.0,0.0,-0.7472817222345016,0.0,0.32141388820058636,0.005657614873576966
synthetic_n20_v2_s44:SingleSidedDropoff_Choice_CommonRouting:s44,44,synthetic_n20_v2_s44,SingleSidedDropoff,req_15,choice_rejected,passenger_declined,walk_sensitive,0.0,1.07316314514246,6.688947634339092,11.168422931052145,0.0,SingleSidedDropoff,ssd_pu_req_15,mp_6_6,veh_0,7423.512630116076,8093.618005979205,-0.0214632629028492,-0.26755790537356366,-0.2233684586210429,-0.0,0.0,0.0,-0.5123896268974558,0.0,0.37463350849000293,0.428628652401271
synthetic_n20_v2_s44:SingleSidedDropoff_Choice_CommonRouting:s44,44,synthetic_n20_v2_s44,SingleSidedDropoff,req_18,choice_rejected,passenger_declined,time_sensitive,0.0,1.4773020353758184,11.359977702375666,44.45045727873376,0.0,SingleSidedDropoff,ssd_pu_req_18,mp_7_3,veh_0,8362.758581981885,11029.78601870591,-0.007386510176879092,-1.1359977702375665,-3.5560365822987006,-0.0,0.0,0.0,-4.699420862713146,0.0,0.009018473012499004,0.11307644171040765
synthetic_n20_v2_s44:SingleSidedDropoff_Choice_CommonRouting:s44,44,synthetic_n20_v2_s44,SingleSidedDropoff,req_11,choice_rejected,passenger_declined,time_sensitive,0.0,1.2345726605869558,4.453232482223332,8.431400703877808,0.0,SingleSidedDropoff,ssd_pu_req_11,mp_4_1,veh_0,9239.65865661205,9745.542698844718,-0.0061728633029347795,-0.44532324822233327,-0.6745120563102246,-0.0,0.0,0.0,-1.1260081678354927,0.0,0.24489853152448554,0.30242226757147095
synthetic_n20_v2_s44:SingleSidedDropoff_Choice_CommonRouting:s44,44,synthetic_n20_v2_s44,SingleSidedDropoff,req_13,feasibility_rejected,no_feasible_route,price_sensitive,,,,,,,,,,,,,,,,,,,,,
synthetic_n20_v2_s44:SingleSidedDropoff_Choice_CommonRouting:s44,44,synthetic_n20_v2_s44,SingleSidedDropoff,req_9,choice_rejected,passenger_declined,time_sensitive,0.0,1.108202947249876,0.7751193052102281,30.524408913712158,0.0,SingleSidedDropoff,ssd_pu_req_9,mp_0_7,veh_0,9360.28876551112,11191.75330033385,-0.00554101473624938,-0.07751193052102281,-2.4419527130969727,-0.0,0.0,0.0,-2.525005658354245,0.0,0.07412367686051166,0.9999956230365405
synthetic_n20_v2_s44:SingleSidedDropoff_Choice_CommonRouting:s44,44,synthetic_n20_v2_s44,SingleSidedDropoff,req_17,feasibility_rejected,no_feasible_route,price_sensitive,,,,,,,,,,,,,,,,,,,,,
synthetic_n20_v2_s44:SingleSidedDropoff_Choice_CommonRouting:s44,44,synthetic_n20_v2_s44,SingleSidedDropoff,req_6,feasibility_rejected,no_feasible_route,time_sensitive,,,,,,,,,,,,,,,,,,,,,
synthetic_n20_v2_s44:SingleSidedDropoff_Choice_CommonRouting:s44,44,synthetic_n20_v2_s44,SingleSidedDropoff,req_5,choice_rejected,passenger_declined,price_sensitive,0.0,1.39724951651265,5.881004204419787,6.352828897898477,0.0,SingleSidedDropoff,ssd_pu_req_5,mp_2_1,veh_0,10054.382467216037,10435.552201089946,-0.0069862475825632495,-0.23524016817679147,-0.12705657795796954,-0.0,0.0,0.0,-0.36928299371732426,0.0,0.40871428691810063,0.6525839534674364
synthetic_n20_v2_s44:SingleSidedDropoff_Choice_CommonRouting:s44,44,synthetic_n20_v2_s44,SingleSidedDropoff,req_8,feasibility_rejected,no_feasible_route,price_sensitive,,,,,,,,,,,,,,,,,,,,,
synthetic_n20_v2_s44:SingleSidedDropoff_Choice_CommonRouting:s44,44,synthetic_n20_v2_s44,SingleSidedDropoff,req_3,feasibility_rejected,no_feasible_route,time_sensitive,,,,,,,,,,,,,,,,,,,,,
synthetic_n20_v2_s44:SingleSidedDropoff_Choice_CommonRouting:s44,44,synthetic_n20_v2_s44,SingleSidedDropoff,req_1,feasibility_rejected,no_feasible_route,walk_sensitive,,,,,,,,,,,,,,,,,,,,,
synthetic_n20_v2_s44:SingleSidedPickup_Choice_CommonRouting:s44,44,synthetic_n20_v2_s44,SingleSidedPickup,req_16,served,accepted,price_sensitive,0.06177554526424183,0.0,5.22382885263382,23.86755505959633,0.0,SingleSidedPickup,mp_3_4,ssp_do_req_16,veh_0,1361.3647503718557,2793.4180539476356,-0.00030887772632120917,-0.20895315410535278,-0.47735110119192664,-0.0,0.0,0.0,-0.6866131330236006,0.0,0.3347869216946128,0.3200765429920128
synthetic_n20_v2_s44:SingleSidedPickup_Choice_CommonRouting:s44,44,synthetic_n20_v2_s44,SingleSidedPickup,req_2,choice_rejected,passenger_declined,walk_sensitive,0.44312186375854734,0.0,9.038189807669319,12.026096414893614,0.0,SingleSidedPickup,mp_4_4,ssp_do_req_2,veh_0,1601.4607887872219,2323.0265736808387,-0.008862437275170948,-0.3615275923067728,-0.24052192829787228,-0.0,0.0,0.0,-0.610911957879816,0.0,0.3518511960752792,0.5542755403074645
synthetic_n20_v2_s44:SingleSidedPickup_Choice_CommonRouting:s44,44,synthetic_n20_v2_s44,SingleSidedPickup,req_0,feasibility_rejected,no_feasible_route,time_sensitive,,,,,,,,,,,,,,,,,,,,,
synthetic_n20_v2_s44:SingleSidedPickup_Choice_CommonRouting:s44,44,synthetic_n20_v2_s44,SingleSidedPickup,req_7,choice_rejected,passenger_declined,price_sensitive,0.8632351201630388,0.0,7.62242129160201,8.734847784732256,0.0,SingleSidedPickup,mp_8_6,ssp_do_req_7,veh_0,3816.3107620086485,4340.401629092584,-0.004316175600815194,-0.3048968516640804,-0.17469695569464513,-0.0,0.0,0.0,-0.4839099829595408,0.0,0.381329265745091,0.39317640378892393
synthetic_n20_v2_s44:SingleSidedPickup_Choice_CommonRouting:s44,44,synthetic_n20_v2_s44,SingleSidedPickup,req_14,feasibility_rejected,no_feasible_route,price_sensitive,,,,,,,,,,,,,,,,,,,,,
synthetic_n20_v2_s44:SingleSidedPickup_Choice_CommonRouting:s44,44,synthetic_n20_v2_s44,SingleSidedPickup,req_19,feasibility_rejected,no_feasible_route,time_sensitive,,,,,,,,,,,,,,,,,,,,,
synthetic_n20_v2_s44:SingleSidedPickup_Choice_CommonRouting:s44,44,synthetic_n20_v2_s44,SingleSidedPickup,req_12,feasibility_rejected,no_feasible_route,price_sensitive,,,,,,,,,,,,,,,,,,,,,
synthetic_n20_v2_s44:SingleSidedPickup_Choice_CommonRouting:s44,44,synthetic_n20_v2_s44,SingleSidedPickup,req_10,feasibility_rejected,no_candidate_mp,walk_sensitive,,,,,,,,,,,,,,,,,,,,,
synthetic_n20_v2_s44:SingleSidedPickup_Choice_CommonRouting:s44,44,synthetic_n20_v2_s44,SingleSidedPickup,req_4,feasibility_rejected,no_feasible_route,price_sensitive,,,,,,,,,,,,,,,,,,,,,
synthetic_n20_v2_s44:SingleSidedPickup_Choice_CommonRouting:s44,44,synthetic_n20_v2_s44,SingleSidedPickup,req_15,feasibility_rejected,no_feasible_route,walk_sensitive,,,,,,,,,,,,,,,,,,,,,
synthetic_n20_v2_s44:SingleSidedPickup_Choice_CommonRouting:s44,44,synthetic_n20_v2_s44,SingleSidedPickup,req_18,feasibility_rejected,no_feasible_route,time_sensitive,,,,,,,,,,,,,,,,,,,,,
synthetic_n20_v2_s44:SingleSidedPickup_Choice_CommonRouting:s44,44,synthetic_n20_v2_s44,SingleSidedPickup,req_11,feasibility_rejected,no_feasible_route,time_sensitive,,,,,,,,,,,,,,,,,,,,,
synthetic_n20_v2_s44:SingleSidedPickup_Choice_CommonRouting:s44,44,synthetic_n20_v2_s44,SingleSidedPickup,req_13,feasibility_rejected,no_feasible_route,price_sensitive,,,,,,,,,,,,,,,,,,,,,
synthetic_n20_v2_s44:SingleSidedPickup_Choice_CommonRouting:s44,44,synthetic_n20_v2_s44,SingleSidedPickup,req_9,feasibility_rejected,no_feasible_route,time_sensitive,,,,,,,,,,,,,,,,,,,,,
synthetic_n20_v2_s44:SingleSidedPickup_Choice_CommonRouting:s44,44,synthetic_n20_v2_s44,SingleSidedPickup,req_17,feasibility_rejected,no_feasible_route,price_sensitive,,,,,,,,,,,,,,,,,,,,,
synthetic_n20_v2_s44:SingleSidedPickup_Choice_CommonRouting:s44,44,synthetic_n20_v2_s44,SingleSidedPickup,req_6,feasibility_rejected,no_feasible_route,time_sensitive,,,,,,,,,,,,,,,,,,,,,
synthetic_n20_v2_s44:SingleSidedPickup_Choice_CommonRouting:s44,44,synthetic_n20_v2_s44,SingleSidedPickup,req_5,feasibility_rejected,no_feasible_route,price_sensitive,,,,,,,,,,,,,,,,,,,,,
synthetic_n20_v2_s44:SingleSidedPickup_Choice_CommonRouting:s44,44,synthetic_n20_v2_s44,SingleSidedPickup,req_8,feasibility_rejected,no_feasible_route,price_sensitive,,,,,,,,,,,,,,,,,,,,,
synthetic_n20_v2_s44:SingleSidedPickup_Choice_CommonRouting:s44,44,synthetic_n20_v2_s44,SingleSidedPickup,req_3,feasibility_rejected,no_feasible_route,time_sensitive,,,,,,,,,,,,,,,,,,,,,
synthetic_n20_v2_s44:SingleSidedPickup_Choice_CommonRouting:s44,44,synthetic_n20_v2_s44,SingleSidedPickup,req_1,feasibility_rejected,no_feasible_route,walk_sensitive,,,,,,,,,,,,,,,,,,,,,
