comparison,baseline_method,baseline,scale,metric,expected_pairs,n_valid_pairs,missing_full_rows,missing_baseline_rows,missing_pair_count,mean_difference,median_difference,min_difference,max_difference,full_better_share,ci_low,ci_high,ci_method,bootstrap_seed,n_resamples
BidirectionalMP_Choice_RH_ALNS_minus_DoorToDoor_Choice_CommonRouting,DoorToDoor_Choice_CommonRouting,DoorToDoor,100,served_share,20,20,0,0,0,-0.05500000000000001,-0.05,-0.15000000000000002,0.01,0.05,-0.07749999999999999,-0.034499999999999996,paired_bootstrap_percentile,20260616,5000
BidirectionalMP_Choice_RH_ALNS_minus_SingleSidedPickup_Choice_CommonRouting,SingleSidedPickup_Choice_CommonRouting,SingleSidedPickup,100,served_share,20,20,0,0,0,-0.066,-0.06999999999999999,-0.16999999999999998,0.01999999999999999,0.1,-0.08949999999999998,-0.0435,paired_bootstrap_percentile,20260616,5000
BidirectionalMP_Choice_RH_ALNS_minus_SingleSidedDropoff_Choice_CommonRouting,SingleSidedDropoff_Choice_CommonRouting,SingleSidedDropoff,100,served_share,20,20,0,0,0,-0.044,-0.045000000000000005,-0.12,0.04000000000000001,0.15,-0.0635,-0.025499999999999995,paired_bootstrap_percentile,20260616,5000
BidirectionalMP_Choice_RH_ALNS_minus_DoorToDoor_Choice_CommonRouting,DoorToDoor_Choice_CommonRouting,DoorToDoor,100,behavioral_acceptance_rate,20,20,0,0,0,0.022000000000000026,0.014999999999999958,-0.17999999999999994,0.26,0.55,-0.026499999999999985,0.07200000000000002,paired_bootstrap_percentile,20260616,5000
BidirectionalMP_Choice_RH_ALNS_minus_SingleSidedPickup_Choice_CommonRouting,SingleSidedPickup_Choice_CommonRouting,SingleSidedPickup,100,behavioral_acceptance_rate,20,20,0,0,0,0.043000000000000024,0.025000000000000022,-0.07999999999999985,0.21000000000000008,0.55,0.009000000000000005,0.07900000000000003,paired_bootstrap_percentile,20260616,5000
BidirectionalMP_Choice_RH_ALNS_minus_SingleSidedDropoff_Choice_CommonRouting,SingleSidedDropoff_Choice_CommonRouting,SingleSidedDropoff,100,behavioral_acceptance_rate,20,20,0,0,0,0.002500000000000016,0.0,-0.18,0.15000000000000002,0.45,-0.0325125,0.03650000000000003,paired_bootstrap_percentile,20260616,5000
BidirectionalMP_Choice_RH_ALNS_minus_DoorToDoor_Choice_CommonRouting,DoorToDoor_Choice_CommonRouting,DoorToDoor,100,choice_rejection_rate,20,20,0,0,0,-0.022000000000000013,-0.014999999999999954,-0.26,0.18,0.55,-0.07050000000000003,0.024999999999999977,paired_bootstrap_percentile,20260616,5000
BidirectionalMP_Choice_RH_ALNS_minus_SingleSidedPickup_Choice_CommonRouting,SingleSidedPickup_Choice_CommonRouting,SingleSidedPickup,100,choice_rejection_rate,20,20,0,0,0,-0.04300000000000002,-0.025000000000000022,-0.21000000000000002,0.07999999999999996,0.55,-0.079,-0.008500000000000021,paired_bootstrap_percentile,20260616,5000
BidirectionalMP_Choice_RH_ALNS_minus_SingleSidedDropoff_Choice_CommonRouting,SingleSidedDropoff_Choice_CommonRouting,SingleSidedDropoff,100,choice_rejection_rate,20,20,0,0,0,-0.0025000000000000074,0.0,-0.15000000000000002,0.17999999999999994,0.45,-0.037500000000000006,0.03299999999999999,paired_bootstrap_percentile,20260616,5000
BidirectionalMP_Choice_RH_ALNS_minus_DoorToDoor_Choice_CommonRouting,DoorToDoor_Choice_CommonRouting,DoorToDoor,100,feasibility_rejection_rate,20,20,0,0,0,0.077,0.02500000000000001,-0.16000000000000003,0.41000000000000003,0.3,0.01750000000000001,0.14100000000000001,paired_bootstrap_percentile,20260616,5000
BidirectionalMP_Choice_RH_ALNS_minus_SingleSidedPickup_Choice_CommonRouting,SingleSidedPickup_Choice_CommonRouting,SingleSidedPickup,100,feasibility_rejection_rate,20,20,0,0,0,0.10900000000000001,0.10000000000000003,-0.06,0.33999999999999997,0.15,0.06000000000000001,0.16051249999999984,paired_bootstrap_percentile,20260616,5000
BidirectionalMP_Choice_RH_ALNS_minus_SingleSidedDropoff_Choice_CommonRouting,SingleSidedDropoff_Choice_CommonRouting,SingleSidedDropoff,100,feasibility_rejection_rate,20,20,0,0,0,0.04650000000000001,0.04999999999999999,-0.19999999999999998,0.22,0.35,0.0005000000000000114,0.0895,paired_bootstrap_percentile,20260616,5000
BidirectionalMP_Choice_RH_ALNS_minus_DoorToDoor_Choice_CommonRouting,DoorToDoor_Choice_CommonRouting,DoorToDoor,100,total_vehicle_km,20,20,0,0,0,-169.55417855426495,-164.83240246125018,-302.0473504152317,2.6644172827989507,0.9,-207.38168894432562,-130.41767611455572,paired_bootstrap_percentile,20260616,5000
BidirectionalMP_Choice_RH_ALNS_minus_SingleSidedPickup_Choice_CommonRouting,SingleSidedPickup_Choice_CommonRouting,SingleSidedPickup,100,total_vehicle_km,20,20,0,0,0,-178.0962639786422,-194.5686641100408,-298.29002364479015,0.0,0.95,-214.65231454118089,-138.81073708860322,paired_bootstrap_percentile,20260616,5000
BidirectionalMP_Choice_RH_ALNS_minus_SingleSidedDropoff_Choice_CommonRouting,SingleSidedDropoff_Choice_CommonRouting,SingleSidedDropoff,100,total_vehicle_km,20,20,0,0,0,-143.79834141971438,-133.43683927325156,-301.7137128022581,2.614758244883056,0.9,-179.96917783284374,-106.9990309314645,paired_bootstrap_percentile,20260616,5000
BidirectionalMP_Choice_RH_ALNS_minus_DoorToDoor_Choice_CommonRouting,DoorToDoor_Choice_CommonRouting,DoorToDoor,100,vkm_per_served_trip,20,20,0,0,0,-6.282578305126041,-5.799589077350078,-16.82296886106752,0.0,0.95,-7.7926753765102905,-5.0219730769078685,paired_bootstrap_percentile,20260616,5000
BidirectionalMP_Choice_RH_ALNS_minus_SingleSidedPickup_Choice_CommonRouting,SingleSidedPickup_Choice_CommonRouting,SingleSidedPickup,100,vkm_per_served_trip,20,20,0,0,0,-5.019467564262014,-4.906207942842063,-8.194368751959827,0.0,0.95,-5.933145778051329,-4.024040924526277,paired_bootstrap_percentile,20260616,5000
BidirectionalMP_Choice_RH_ALNS_minus_SingleSidedDropoff_Choice_CommonRouting,SingleSidedDropoff_Choice_CommonRouting,SingleSidedDropoff,100,vkm_per_served_trip,20,20,0,0,0,-5.727267172810114,-5.266122892645231,-16.872627898983414,0.0,0.95,-7.270916644300366,-4.418914594487799,paired_bootstrap_percentile,20260616,5000
BidirectionalMP_Choice_RH_ALNS_minus_DoorToDoor_Choice_CommonRouting,DoorToDoor_Choice_CommonRouting,DoorToDoor,100,vkm_per_original_request,20,20,0,0,0,-1.6955417855426493,-1.648324024612502,-3.0204735041523167,0.026644172827989587,0.9,-2.074270142745058,-1.3029701631106427,paired_bootstrap_percentile,20260616,5000
BidirectionalMP_Choice_RH_ALNS_minus_SingleSidedPickup_Choice_CommonRouting,SingleSidedPickup_Choice_CommonRouting,SingleSidedPickup,100,vkm_per_original_request,20,20,0,0,0,-1.7809626397864222,-1.9456866411004081,-2.9829002364479016,0.0,0.95,-2.1590299513287725,-1.3827754536519723,paired_bootstrap_percentile,20260616,5000
BidirectionalMP_Choice_RH_ALNS_minus_SingleSidedDropoff_Choice_CommonRouting,SingleSidedDropoff_Choice_CommonRouting,SingleSidedDropoff,100,vkm_per_original_request,20,20,0,0,0,-1.4379834141971441,-1.3343683927325158,-3.017137128022581,0.026147582448830586,0.9,-1.8069783305919993,-1.0705464575376693,paired_bootstrap_percentile,20260616,5000
BidirectionalMP_Choice_RH_ALNS_minus_DoorToDoor_Choice_CommonRouting,DoorToDoor_Choice_CommonRouting,DoorToDoor,100,avg_wait,20,20,0,0,0,-2261.1245427730314,-1805.0133723142617,-5580.389697434933,69.17400053588625,0.9,-3025.0429280501476,-1528.3676872299086,paired_bootstrap_percentile,20260616,5000
BidirectionalMP_Choice_RH_ALNS_minus_SingleSidedPickup_Choice_CommonRouting,SingleSidedPickup_Choice_CommonRouting,SingleSidedPickup,100,avg_wait,20,20,0,0,0,-1853.6349099772226,-1923.9136124693737,-4008.949980615026,0.0,0.95,-2436.099065719109,-1284.2714200076875,paired_bootstrap_percentile,20260616,5000
BidirectionalMP_Choice_RH_ALNS_minus_SingleSidedDropoff_Choice_CommonRouting,SingleSidedDropoff_Choice_CommonRouting,SingleSidedDropoff,100,avg_wait,20,20,0,0,0,-2338.0035693254504,-2289.0919957979722,-6244.083339784107,0.0,0.95,-3100.308766370813,-1598.6216263329654,paired_bootstrap_percentile,20260616,5000
BidirectionalMP_Choice_RH_ALNS_minus_DoorToDoor_Choice_CommonRouting,DoorToDoor_Choice_CommonRouting,DoorToDoor,100,avg_walk,20,20,0,0,0,197.93553439295695,154.2204680543491,0.0,1037.0132683171944,0.0,123.51383611787693,302.0557660229358,paired_bootstrap_percentile,20260616,5000
BidirectionalMP_Choice_RH_ALNS_minus_SingleSidedPickup_Choice_CommonRouting,SingleSidedPickup_Choice_CommonRouting,SingleSidedPickup,100,avg_walk,20,20,0,0,0,-680.4147969715046,-737.1655329094006,-981.4271880251193,259.93551141615785,0.9,-789.2931938899388,-539.7420544724869,paired_bootstrap_percentile,20260616,5000
BidirectionalMP_Choice_RH_ALNS_minus_SingleSidedDropoff_Choice_CommonRouting,SingleSidedDropoff_Choice_CommonRouting,SingleSidedDropoff,100,avg_walk,20,20,0,0,0,-614.7784289481463,-739.456021815286,-882.005630510253,951.8350081754396,0.9,-753.354735369616,-411.3205448462066,paired_bootstrap_percentile,20260616,5000
BidirectionalMP_Choice_RH_ALNS_minus_DoorToDoor_Choice_CommonRouting,DoorToDoor_Choice_CommonRouting,DoorToDoor,100,avg_ivt,20,20,0,0,0,-4221.306394940026,-4267.6129561444095,-8169.206932562538,0.0,0.95,-5235.219072565512,-3199.7611214732883,paired_bootstrap_percentile,20260616,5000
BidirectionalMP_Choice_RH_ALNS_minus_SingleSidedPickup_Choice_CommonRouting,SingleSidedPickup_Choice_CommonRouting,SingleSidedPickup,100,avg_ivt,20,20,0,0,0,-4261.451586978094,-4215.434453818586,-8426.771507944146,0.0,0.95,-5154.35282603306,-3387.1323346564554,paired_bootstrap_percentile,20260616,5000
BidirectionalMP_Choice_RH_ALNS_minus_SingleSidedDropoff_Choice_CommonRouting,SingleSidedDropoff_Choice_CommonRouting,SingleSidedDropoff,100,avg_ivt,20,20,0,0,0,-3408.6448502418875,-3462.187776676636,-8643.568235115456,0.0,0.95,-4373.868566243631,-2554.6265837269884,paired_bootstrap_percentile,20260616,5000
BidirectionalMP_Choice_RH_ALNS_minus_DoorToDoor_Choice_CommonRouting,DoorToDoor_Choice_CommonRouting,DoorToDoor,200,served_share,20,20,0,0,0,-0.03475,-0.035,-0.125,0.04000000000000001,0.15,-0.05150000000000001,-0.0185,paired_bootstrap_percentile,20260616,5000
BidirectionalMP_Choice_RH_ALNS_minus_SingleSidedPickup_Choice_CommonRouting,SingleSidedPickup_Choice_CommonRouting,SingleSidedPickup,200,served_share,20,20,0,0,0,-0.03425,-0.03,-0.09000000000000002,0.0,0.0,-0.046250000000000006,-0.022500000000000003,paired_bootstrap_percentile,20260616,5000
BidirectionalMP_Choice_RH_ALNS_minus_SingleSidedDropoff_Choice_CommonRouting,SingleSidedDropoff_Choice_CommonRouting,SingleSidedDropoff,200,served_share,20,20,0,0,0,-0.03200000000000001,-0.02500000000000001,-0.09500000000000001,0.010000000000000009,0.05,-0.044006250000000004,-0.020500000000000008,paired_bootstrap_percentile,20260616,5000
BidirectionalMP_Choice_RH_ALNS_minus_DoorToDoor_Choice_CommonRouting,DoorToDoor_Choice_CommonRouting,DoorToDoor,200,behavioral_acceptance_rate,20,20,0,0,0,0.021250000000000005,0.03250000000000003,-0.20999999999999996,0.26,0.6,-0.028250000000000008,0.07325,paired_bootstrap_percentile,20260616,5000
BidirectionalMP_Choice_RH_ALNS_minus_SingleSidedPickup_Choice_CommonRouting,SingleSidedPickup_Choice_CommonRouting,SingleSidedPickup,200,behavioral_acceptance_rate,20,20,0,0,0,0.000250000000000003,0.01749999999999996,-0.16499999999999992,0.10999999999999999,0.6,-0.03474999999999998,0.031749999999999966,paired_bootstrap_percentile,20260616,5000
BidirectionalMP_Choice_RH_ALNS_minus_SingleSidedDropoff_Choice_CommonRouting,SingleSidedDropoff_Choice_CommonRouting,SingleSidedDropoff,200,behavioral_acceptance_rate,20,20,0,0,0,0.011500000000000014,0.022499999999999992,-0.14,0.17999999999999994,0.55,-0.026756249999999985,0.04899999999999999,paired_bootstrap_percentile,20260616,5000
BidirectionalMP_Choice_RH_ALNS_minus_DoorToDoor_Choice_CommonRouting,DoorToDoor_Choice_CommonRouting,DoorToDoor,200,choice_rejection_rate,20,20,0,0,0,-0.021249999999999998,-0.03250000000000003,-0.25999999999999995,0.20999999999999996,0.6,-0.07175625000000001,0.0292562499999999,paired_bootstrap_percentile,20260616,5000
BidirectionalMP_Choice_RH_ALNS_minus_SingleSidedPickup_Choice_CommonRouting,SingleSidedPickup_Choice_CommonRouting,SingleSidedPickup,200,choice_rejection_rate,20,20,0,0,0,-0.0002499999999999947,-0.01749999999999996,-0.10999999999999999,0.16499999999999998,0.6,-0.03325625,0.03375000000000001,paired_bootstrap_percentile,20260616,5000
BidirectionalMP_Choice_RH_ALNS_minus_SingleSidedDropoff_Choice_CommonRouting,SingleSidedDropoff_Choice_CommonRouting,SingleSidedDropoff,200,choice_rejection_rate,20,20,0,0,0,-0.011500000000000005,-0.02250000000000002,-0.18,0.14,0.55,-0.05000000000000001,0.028506249999999914,paired_bootstrap_percentile,20260616,5000
BidirectionalMP_Choice_RH_ALNS_minus_DoorToDoor_Choice_CommonRouting,DoorToDoor_Choice_CommonRouting,DoorToDoor,200,feasibility_rejection_rate,20,20,0,0,0,0.05600000000000001,0.065,-0.2,0.385,0.3,-0.007500000000000014,0.12174999999999998,paired_bootstrap_percentile,20260616,5000
BidirectionalMP_Choice_RH_ALNS_minus_SingleSidedPickup_Choice_CommonRouting,SingleSidedPickup_Choice_CommonRouting,SingleSidedPickup,200,feasibility_rejection_rate,20,20,0,0,0,0.034499999999999996,0.04749999999999999,-0.14,0.19999999999999998,0.35,-0.008762500000000001,0.07600624999999989,paired_bootstrap_percentile,20260616,5000
BidirectionalMP_Choice_RH_ALNS_minus_SingleSidedDropoff_Choice_CommonRouting,SingleSidedDropoff_Choice_CommonRouting,SingleSidedDropoff,200,feasibility_rejection_rate,20,20,0,0,0,0.0435,0.05499999999999999,-0.13999999999999999,0.245,0.3,-0.005256250000000009,0.09275624999999992,paired_bootstrap_percentile,20260616,5000
BidirectionalMP_Choice_RH_ALNS_minus_DoorToDoor_Choice_CommonRouting,DoorToDoor_Choice_CommonRouting,DoorToDoor,200,total_vehicle_km,20,20,0,0,0,-277.2436406436338,-292.2752328630308,-529.2336893750144,-130.79925824458496,1.0,-323.5196285366553,-234.21626583474824,paired_bootstrap_percentile,20260616,5000
BidirectionalMP_Choice_RH_ALNS_minus_SingleSidedPickup_Choice_CommonRouting,SingleSidedPickup_Choice_CommonRouting,SingleSidedPickup,200,total_vehicle_km,20,20,0,0,0,-230.3311769324047,-227.40832701165692,-400.61028572617926,-104.90714515294889,1.0,-265.64842934050677,-196.0953815684297,paired_bootstrap_percentile,20260616,5000
BidirectionalMP_Choice_RH_ALNS_minus_SingleSidedDropoff_Choice_CommonRouting,SingleSidedDropoff_Choice_CommonRouting,SingleSidedDropoff,200,total_vehicle_km,20,20,0,0,0,-236.7157311897694,-229.53846199667353,-427.9969732130033,-113.09195254351351,1.0,-271.6122520889543,-203.4746968366175,paired_bootstrap_percentile,20260616,5000
BidirectionalMP_Choice_RH_ALNS_minus_DoorToDoor_Choice_CommonRouting,DoorToDoor_Choice_CommonRouting,DoorToDoor,200,vkm_per_served_trip,20,20,0,0,0,-5.476358159996419,-5.073398910826841,-8.856975287843932,-2.6073724206490763,1.0,-6.1878515762960395,-4.853474948996075,paired_bootstrap_percentile,20260616,5000
BidirectionalMP_Choice_RH_ALNS_minus_SingleSidedPickup_Choice_CommonRouting,SingleSidedPickup_Choice_CommonRouting,SingleSidedPickup,200,vkm_per_served_trip,20,20,0,0,0,-4.380937310318979,-3.9744180387105867,-9.207903127176671,-1.9457244833502028,1.0,-5.107945869749445,-3.771431636700229,paired_bootstrap_percentile,20260616,5000
BidirectionalMP_Choice_RH_ALNS_minus_SingleSidedDropoff_Choice_CommonRouting,SingleSidedDropoff_Choice_CommonRouting,SingleSidedDropoff,200,vkm_per_served_trip,20,20,0,0,0,-4.622076831344097,-4.399722411566226,-8.605652887931885,-1.8394319688552851,1.0,-5.294737889331881,-4.002356621673743,paired_bootstrap_percentile,20260616,5000
BidirectionalMP_Choice_RH_ALNS_minus_DoorToDoor_Choice_CommonRouting,DoorToDoor_Choice_CommonRouting,DoorToDoor,200,vkm_per_original_request,20,20,0,0,0,-1.3862182032181691,-1.4613761643151542,-2.646168446875071,-0.6539962912229249,1.0,-1.6149819978601663,-1.1814685776987757,paired_bootstrap_percentile,20260616,5000
BidirectionalMP_Choice_RH_ALNS_minus_SingleSidedPickup_Choice_CommonRouting,SingleSidedPickup_Choice_CommonRouting,SingleSidedPickup,200,vkm_per_original_request,20,20,0,0,0,-1.1516558846620233,-1.1370416350582844,-2.0030514286308962,-0.5245357257647445,1.0,-1.3202452611306184,-0.982286964469487,paired_bootstrap_percentile,20260616,5000
BidirectionalMP_Choice_RH_ALNS_minus_SingleSidedDropoff_Choice_CommonRouting,SingleSidedDropoff_Choice_CommonRouting,SingleSidedDropoff,200,vkm_per_original_request,20,20,0,0,0,-1.183578655948847,-1.1476923099833676,-2.1399848660650163,-0.5654597627175675,1.0,-1.3673570171269445,-1.0130374693984103,paired_bootstrap_percentile,20260616,5000
BidirectionalMP_Choice_RH_ALNS_minus_DoorToDoor_Choice_CommonRouting,DoorToDoor_Choice_CommonRouting,DoorToDoor,200,avg_wait,20,20,0,0,0,-3431.1093239114334,-3405.2597161080694,-5914.083645369818,-400.69308728812615,1.0,-4069.437302094369,-2794.66742602113,paired_bootstrap_percentile,20260616,5000
BidirectionalMP_Choice_RH_ALNS_minus_SingleSidedPickup_Choice_CommonRouting,SingleSidedPickup_Choice_CommonRouting,SingleSidedPickup,200,avg_wait,20,20,0,0,0,-3156.082064931437,-2961.415340769142,-5518.388917567266,-959.3012616108924,1.0,-3710.870357003967,-2648.112477861592,paired_bootstrap_percentile,20260616,5000
BidirectionalMP_Choice_RH_ALNS_minus_SingleSidedDropoff_Choice_CommonRouting,SingleSidedDropoff_Choice_CommonRouting,SingleSidedDropoff,200,avg_wait,20,20,0,0,0,-3381.3225916361603,-3549.910944153841,-6035.641108917454,-848.7624564862722,1.0,-4117.009683808205,-2638.3836286614282,paired_bootstrap_percentile,20260616,5000
BidirectionalMP_Choice_RH_ALNS_minus_DoorToDoor_Choice_CommonRouting,DoorToDoor_Choice_CommonRouting,DoorToDoor,200,avg_walk,20,20,0,0,0,81.02075782687184,69.20136281779352,29.381121119141927,155.60266105696053,0.0,66.54938381310828,96.72879680322157,paired_bootstrap_percentile,20260616,5000
BidirectionalMP_Choice_RH_ALNS_minus_SingleSidedPickup_Choice_CommonRouting,SingleSidedPickup_Choice_CommonRouting,SingleSidedPickup,200,avg_walk,20,20,0,0,0,-843.5325618433502,-822.9584175199092,-987.6598639859799,-747.199945702008,1.0,-878.8246811295344,-809.3395483167815,paired_bootstrap_percentile,20260616,5000
BidirectionalMP_Choice_RH_ALNS_minus_SingleSidedDropoff_Choice_CommonRouting,SingleSidedDropoff_Choice_CommonRouting,SingleSidedDropoff,200,avg_walk,20,20,0,0,0,-803.7791821259644,-802.1632466286524,-925.6960645891154,-687.1342629113952,1.0,-828.5336964341946,-780.3963572614925,paired_bootstrap_percentile,20260616,5000
BidirectionalMP_Choice_RH_ALNS_minus_DoorToDoor_Choice_CommonRouting,DoorToDoor_Choice_CommonRouting,DoorToDoor,200,avg_ivt,20,20,0,0,0,-5076.575148760587,-5179.34743511227,-6407.414671478244,-2799.647910037795,1.0,-5430.367698235891,-4689.172772892729,paired_bootstrap_percentile,20260616,5000
BidirectionalMP_Choice_RH_ALNS_minus_SingleSidedPickup_Choice_CommonRouting,SingleSidedPickup_Choice_CommonRouting,SingleSidedPickup,200,avg_ivt,20,20,0,0,0,-4890.486077534275,-5021.282000969663,-6770.6048127529675,-3231.9832759426486,1.0,-5251.809511595173,-4539.220088439627,paired_bootstrap_percentile,20260616,5000
BidirectionalMP_Choice_RH_ALNS_minus_SingleSidedDropoff_Choice_CommonRouting,SingleSidedDropoff_Choice_CommonRouting,SingleSidedDropoff,200,avg_ivt,20,20,0,0,0,-4208.583511171536,-4066.868202569284,-7386.634915936575,-2319.061691973614,1.0,-4730.880551948653,-3696.4886462550708,paired_bootstrap_percentile,20260616,5000
BidirectionalMP_Choice_RH_ALNS_minus_DoorToDoor_Choice_CommonRouting,DoorToDoor_Choice_CommonRouting,DoorToDoor,300,served_share,20,20,0,0,0,-0.044333333333333336,-0.04166666666666663,-0.10999999999999999,0.06999999999999999,0.1,-0.06266666666666666,-0.02400000000000001,paired_bootstrap_percentile,20260616,5000
BidirectionalMP_Choice_RH_ALNS_minus_SingleSidedPickup_Choice_CommonRouting,SingleSidedPickup_Choice_CommonRouting,SingleSidedPickup,300,served_share,20,20,0,0,0,-0.037166666666666674,-0.0333333333333333,-0.12,0.0366666666666666,0.05,-0.05183333333333333,-0.023333333333333345,paired_bootstrap_percentile,20260616,5000
BidirectionalMP_Choice_RH_ALNS_minus_SingleSidedDropoff_Choice_CommonRouting,SingleSidedDropoff_Choice_CommonRouting,SingleSidedDropoff,300,served_share,20,20,0,0,0,-0.032666666666666656,-0.03166666666666665,-0.08333333333333329,0.0033333333333333826,0.05,-0.042166666666666644,-0.024333333333333325,paired_bootstrap_percentile,20260616,5000
BidirectionalMP_Choice_RH_ALNS_minus_DoorToDoor_Choice_CommonRouting,DoorToDoor_Choice_CommonRouting,DoorToDoor,300,behavioral_acceptance_rate,20,20,0,0,0,0.054500000000000014,0.08833333333333337,-0.21333333333333337,0.30666666666666664,0.65,-0.0008333333333333088,0.10833333333333335,paired_bootstrap_percentile,20260616,5000
BidirectionalMP_Choice_RH_ALNS_minus_SingleSidedPickup_Choice_CommonRouting,SingleSidedPickup_Choice_CommonRouting,SingleSidedPickup,300,behavioral_acceptance_rate,20,20,0,0,0,-0.0038333333333333054,-0.013333333333333308,-0.18666666666666654,0.20333333333333337,0.45,-0.04233749999999997,0.03650416666666665,paired_bootstrap_percentile,20260616,5000
BidirectionalMP_Choice_RH_ALNS_minus_SingleSidedDropoff_Choice_CommonRouting,SingleSidedDropoff_Choice_CommonRouting,SingleSidedDropoff,300,behavioral_acceptance_rate,20,20,0,0,0,0.014833333333333342,0.026666666666666616,-0.1333333333333333,0.17666666666666664,0.6,-0.01666666666666666,0.04716666666666665,paired_bootstrap_percentile,20260616,5000
BidirectionalMP_Choice_RH_ALNS_minus_DoorToDoor_Choice_CommonRouting,DoorToDoor_Choice_CommonRouting,DoorToDoor,300,choice_rejection_rate,20,20,0,0,0,-0.054500000000000014,-0.08833333333333337,-0.3066666666666667,0.21333333333333343,0.65,-0.10817083333333337,0.0018333333333333257,paired_bootstrap_percentile,20260616,5000
BidirectionalMP_Choice_RH_ALNS_minus_SingleSidedPickup_Choice_CommonRouting,SingleSidedPickup_Choice_CommonRouting,SingleSidedPickup,300,choice_rejection_rate,20,20,0,0,0,0.0038333333333333357,0.013333333333333308,-0.20333333333333342,0.1866666666666666,0.45,-0.03583750000000001,0.042004166666666606,paired_bootstrap_percentile,20260616,5000
BidirectionalMP_Choice_RH_ALNS_minus_SingleSidedDropoff_Choice_CommonRouting,SingleSidedDropoff_Choice_CommonRouting,SingleSidedDropoff,300,choice_rejection_rate,20,20,0,0,0,-0.014833333333333337,-0.026666666666666616,-0.1766666666666667,0.13333333333333336,0.6,-0.04734166666666667,0.017504166666666616,paired_bootstrap_percentile,20260616,5000
BidirectionalMP_Choice_RH_ALNS_minus_DoorToDoor_Choice_CommonRouting,DoorToDoor_Choice_CommonRouting,DoorToDoor,300,feasibility_rejection_rate,20,20,0,0,0,0.09883333333333336,0.1383333333333333,-0.2833333333333334,0.4133333333333334,0.2,0.02482916666666667,0.16950416666666665,paired_bootstrap_percentile,20260616,5000
BidirectionalMP_Choice_RH_ALNS_minus_SingleSidedPickup_Choice_CommonRouting,SingleSidedPickup_Choice_CommonRouting,SingleSidedPickup,300,feasibility_rejection_rate,20,20,0,0,0,0.033333333333333326,0.011666666666666659,-0.22333333333333344,0.32333333333333336,0.45,-0.016166666666666673,0.08333333333333333,paired_bootstrap_percentile,20260616,5000
BidirectionalMP_Choice_RH_ALNS_minus_SingleSidedDropoff_Choice_CommonRouting,SingleSidedDropoff_Choice_CommonRouting,SingleSidedDropoff,300,feasibility_rejection_rate,20,20,0,0,0,0.04750000000000001,0.051666666666666694,-0.11000000000000004,0.23333333333333336,0.3,0.010999999999999992,0.08433333333333333,paired_bootstrap_percentile,20260616,5000
BidirectionalMP_Choice_RH_ALNS_minus_DoorToDoor_Choice_CommonRouting,DoorToDoor_Choice_CommonRouting,DoorToDoor,300,total_vehicle_km,20,20,0,0,0,-384.2851111880753,-391.1326508638674,-685.3204920924213,0.15985557422192187,0.95,-444.50404771708105,-319.65771948590435,paired_bootstrap_percentile,20260616,5000
BidirectionalMP_Choice_RH_ALNS_minus_SingleSidedPickup_Choice_CommonRouting,SingleSidedPickup_Choice_CommonRouting,SingleSidedPickup,300,total_vehicle_km,20,20,0,0,0,-302.46117391124415,-319.1172144213467,-513.7492419347966,-64.53774597436842,1.0,-344.6735181001757,-256.8862417055655,paired_bootstrap_percentile,20260616,5000
BidirectionalMP_Choice_RH_ALNS_minus_SingleSidedDropoff_Choice_CommonRouting,SingleSidedDropoff_Choice_CommonRouting,SingleSidedDropoff,300,total_vehicle_km,20,20,0,0,0,-286.83933327705756,-274.1369439126319,-438.63214327600497,-115.82662590209429,1.0,-327.7828314489081,-247.05988939808682,paired_bootstrap_percentile,20260616,5000
BidirectionalMP_Choice_RH_ALNS_minus_DoorToDoor_Choice_CommonRouting,DoorToDoor_Choice_CommonRouting,DoorToDoor,300,vkm_per_served_trip,20,20,0,0,0,-4.171698541542947,-4.4137616098626165,-5.949913949378978,-1.9336079796931251,1.0,-4.664559106716831,-3.6891643805422327,paired_bootstrap_percentile,20260616,5000
BidirectionalMP_Choice_RH_ALNS_minus_SingleSidedPickup_Choice_CommonRouting,SingleSidedPickup_Choice_CommonRouting,SingleSidedPickup,300,vkm_per_served_trip,20,20,0,0,0,-3.2208756331691317,-3.229996401519152,-5.438226312472597,-0.3039128190292928,1.0,-3.688166534398246,-2.7223125123225986,paired_bootstrap_percentile,20260616,5000
BidirectionalMP_Choice_RH_ALNS_minus_SingleSidedDropoff_Choice_CommonRouting,SingleSidedDropoff_Choice_CommonRouting,SingleSidedDropoff,300,vkm_per_served_trip,20,20,0,0,0,-3.262211020702833,-3.0629696619750737,-5.512281361979145,-0.5371958027625521,1.0,-3.8097084670288903,-2.7018275797474662,paired_bootstrap_percentile,20260616,5000
BidirectionalMP_Choice_RH_ALNS_minus_DoorToDoor_Choice_CommonRouting,DoorToDoor_Choice_CommonRouting,DoorToDoor,300,vkm_per_original_request,20,20,0,0,0,-1.2809503706269179,-1.3037755028795583,-2.2844016403080714,0.0005328519140730403,0.95,-1.4833202987469811,-1.0668277540220474,paired_bootstrap_percentile,20260616,5000
BidirectionalMP_Choice_RH_ALNS_minus_SingleSidedPickup_Choice_CommonRouting,SingleSidedPickup_Choice_CommonRouting,SingleSidedPickup,300,vkm_per_original_request,20,20,0,0,0,-1.0082039130374805,-1.063724048071156,-1.7124974731159888,-0.21512581991456137,1.0,-1.1513655967384129,-0.8661207878482747,paired_bootstrap_percentile,20260616,5000
BidirectionalMP_Choice_RH_ALNS_minus_SingleSidedDropoff_Choice_CommonRouting,SingleSidedDropoff_Choice_CommonRouting,SingleSidedDropoff,300,vkm_per_original_request,20,20,0,0,0,-0.9561311109235255,-0.9137898130421065,-1.4621071442533502,-0.3860887530069812,1.0,-1.0971766881802578,-0.8190647633030297,paired_bootstrap_percentile,20260616,5000
BidirectionalMP_Choice_RH_ALNS_minus_DoorToDoor_Choice_CommonRouting,DoorToDoor_Choice_CommonRouting,DoorToDoor,300,avg_wait,20,20,0,0,0,-3966.21896139904,-3431.7299224182398,-7001.637558598641,-2041.9852945388698,1.0,-4686.435148431296,-3297.2860761095226,paired_bootstrap_percentile,20260616,5000
BidirectionalMP_Choice_RH_ALNS_minus_SingleSidedPickup_Choice_CommonRouting,SingleSidedPickup_Choice_CommonRouting,SingleSidedPickup,300,avg_wait,20,20,0,0,0,-3429.7319455514507,-3132.4038773460843,-6330.913431858298,-1143.9570876018506,1.0,-3996.8155571645952,-2893.320031923649,paired_bootstrap_percentile,20260616,5000
BidirectionalMP_Choice_RH_ALNS_minus_SingleSidedDropoff_Choice_CommonRouting,SingleSidedDropoff_Choice_CommonRouting,SingleSidedDropoff,300,avg_wait,20,20,0,0,0,-3966.1289435021326,-3789.851402194159,-7032.588711674749,-1621.4156734830647,1.0,-4681.2281121717915,-3276.5164171997435,paired_bootstrap_percentile,20260616,5000
BidirectionalMP_Choice_RH_ALNS_minus_DoorToDoor_Choice_CommonRouting,DoorToDoor_Choice_CommonRouting,DoorToDoor,300,avg_walk,20,20,0,0,0,73.49839698935486,59.44974013195187,18.4925496976097,200.31233609049025,0.0,54.36995244728587,95.64518141538389,paired_bootstrap_percentile,20260616,5000
BidirectionalMP_Choice_RH_ALNS_minus_SingleSidedPickup_Choice_CommonRouting,SingleSidedPickup_Choice_CommonRouting,SingleSidedPickup,300,avg_walk,20,20,0,0,0,-836.0750285073448,-828.7883437524825,-950.3140969494575,-722.24547319871,1.0,-862.8114291654879,-808.1826394276355,paired_bootstrap_percentile,20260616,5000
BidirectionalMP_Choice_RH_ALNS_minus_SingleSidedDropoff_Choice_CommonRouting,SingleSidedDropoff_Choice_CommonRouting,SingleSidedDropoff,300,avg_walk,20,20,0,0,0,-825.602849719003,-858.1761446345622,-926.2596868991698,-695.2510052698481,1.0,-855.3658005325586,-793.8558073846428,paired_bootstrap_percentile,20260616,5000
BidirectionalMP_Choice_RH_ALNS_minus_DoorToDoor_Choice_CommonRouting,DoorToDoor_Choice_CommonRouting,DoorToDoor,300,avg_ivt,20,20,0,0,0,-5312.577618601432,-5313.626706036007,-8465.67706927133,-3802.8883370520266,1.0,-5829.731461762965,-4853.303585997163,paired_bootstrap_percentile,20260616,5000
BidirectionalMP_Choice_RH_ALNS_minus_SingleSidedPickup_Choice_CommonRouting,SingleSidedPickup_Choice_CommonRouting,SingleSidedPickup,300,avg_ivt,20,20,0,0,0,-5768.910330749773,-5592.0395916907455,-7954.715246473213,-3894.34521745785,1.0,-6197.970643479275,-5349.039462107243,paired_bootstrap_percentile,20260616,5000
BidirectionalMP_Choice_RH_ALNS_minus_SingleSidedDropoff_Choice_CommonRouting,SingleSidedDropoff_Choice_CommonRouting,SingleSidedDropoff,300,avg_ivt,20,20,0,0,0,-5267.382802612308,-5235.413546624993,-6754.223298829033,-3965.698453966342,1.0,-5613.35700195565,-4930.869356263901,paired_bootstrap_percentile,20260616,5000
BidirectionalMP_Choice_RH_ALNS_minus_DoorToDoor_Choice_CommonRouting,DoorToDoor_Choice_CommonRouting,DoorToDoor,500,served_share,20,20,0,0,0,-0.0374,-0.03399999999999999,-0.12399999999999999,0.008000000000000007,0.05,-0.05300250000000001,-0.023799999999999998,paired_bootstrap_percentile,20260616,5000
BidirectionalMP_Choice_RH_ALNS_minus_SingleSidedPickup_Choice_CommonRouting,SingleSidedPickup_Choice_CommonRouting,SingleSidedPickup,500,served_share,20,20,0,0,0,-0.029500000000000005,-0.03399999999999999,-0.05600000000000002,0.01200000000000001,0.05,-0.03770000000000001,-0.020700000000000007,paired_bootstrap_percentile,20260616,5000
BidirectionalMP_Choice_RH_ALNS_minus_SingleSidedDropoff_Choice_CommonRouting,SingleSidedDropoff_Choice_CommonRouting,SingleSidedDropoff,500,served_share,20,20,0,0,0,-0.03540000000000001,-0.040999999999999995,-0.068,0.027999999999999997,0.15,-0.04650000000000001,-0.023600000000000006,paired_bootstrap_percentile,20260616,5000
BidirectionalMP_Choice_RH_ALNS_minus_DoorToDoor_Choice_CommonRouting,DoorToDoor_Choice_CommonRouting,DoorToDoor,500,behavioral_acceptance_rate,20,20,0,0,0,-0.0037000000000000227,0.01999999999999999,-0.19000000000000006,0.19600000000000006,0.5,-0.04990250000000002,0.04169999999999998,paired_bootstrap_percentile,20260616,5000
BidirectionalMP_Choice_RH_ALNS_minus_SingleSidedPickup_Choice_CommonRouting,SingleSidedPickup_Choice_CommonRouting,SingleSidedPickup,500,behavioral_acceptance_rate,20,20,0,0,0,-0.020300000000000002,-0.023000000000000048,-0.15000000000000008,0.07000000000000012,0.4,-0.045700000000000005,0.004099999999999999,paired_bootstrap_percentile,20260616,5000
BidirectionalMP_Choice_RH_ALNS_minus_SingleSidedDropoff_Choice_CommonRouting,SingleSidedDropoff_Choice_CommonRouting,SingleSidedDropoff,500,behavioral_acceptance_rate,20,20,0,0,0,0.0072000000000000145,0.01200000000000001,-0.14800000000000002,0.14800000000000002,0.6,-0.025599999999999984,0.040600000000000004,paired_bootstrap_percentile,20260616,5000
BidirectionalMP_Choice_RH_ALNS_minus_DoorToDoor_Choice_CommonRouting,DoorToDoor_Choice_CommonRouting,DoorToDoor,500,choice_rejection_rate,20,20,0,0,0,0.0037000000000000145,-0.019999999999999962,-0.196,0.19,0.5,-0.043999999999999984,0.04980249999999998,paired_bootstrap_percentile,20260616,5000
BidirectionalMP_Choice_RH_ALNS_minus_SingleSidedPickup_Choice_CommonRouting,SingleSidedPickup_Choice_CommonRouting,SingleSidedPickup,500,choice_rejection_rate,20,20,0,0,0,0.0203,0.02300000000000002,-0.07000000000000006,0.14999999999999997,0.4,-0.0046000000000000095,0.04610249999999998,paired_bootstrap_percentile,20260616,5000
BidirectionalMP_Choice_RH_ALNS_minus_SingleSidedDropoff_Choice_CommonRouting,SingleSidedDropoff_Choice_CommonRouting,SingleSidedDropoff,500,choice_rejection_rate,20,20,0,0,0,-0.007200000000000003,-0.01200000000000001,-0.14800000000000002,0.14800000000000002,0.6,-0.039799999999999995,0.02649999999999999,paired_bootstrap_percentile,20260616,5000
BidirectionalMP_Choice_RH_ALNS_minus_DoorToDoor_Choice_CommonRouting,DoorToDoor_Choice_CommonRouting,DoorToDoor,500,feasibility_rejection_rate,20,20,0,0,0,0.0337,0.056,-0.19799999999999998,0.31999999999999995,0.4,-0.027002500000000002,0.0938,paired_bootstrap_percentile,20260616,5000
BidirectionalMP_Choice_RH_ALNS_minus_SingleSidedPickup_Choice_CommonRouting,SingleSidedPickup_Choice_CommonRouting,SingleSidedPickup,500,feasibility_rejection_rate,20,20,0,0,0,0.009199999999999991,0.007999999999999993,-0.16200000000000003,0.12,0.5,-0.02300250000000001,0.041702499999999955,paired_bootstrap_percentile,20260616,5000
BidirectionalMP_Choice_RH_ALNS_minus_SingleSidedDropoff_Choice_CommonRouting,SingleSidedDropoff_Choice_CommonRouting,SingleSidedDropoff,500,feasibility_rejection_rate,20,20,0,0,0,0.0426,0.051,-0.17600000000000002,0.192,0.3,-0.0007000000000000055,0.08259999999999999,paired_bootstrap_percentile,20260616,5000
BidirectionalMP_Choice_RH_ALNS_minus_DoorToDoor_Choice_CommonRouting,DoorToDoor_Choice_CommonRouting,DoorToDoor,500,total_vehicle_km,20,20,0,0,0,-481.74316856578446,-439.4155846664709,-903.3022443017055,-190.18711176740385,1.0,-571.3874533798316,-395.3389221676605,paired_bootstrap_percentile,20260616,5000
BidirectionalMP_Choice_RH_ALNS_minus_SingleSidedPickup_Choice_CommonRouting,SingleSidedPickup_Choice_CommonRouting,SingleSidedPickup,500,total_vehicle_km,20,20,0,0,0,-373.46355314532656,-416.10544260602336,-549.8460857454104,-104.53958635093363,1.0,-420.2435286141192,-323.1499122793374,paired_bootstrap_percentile,20260616,5000
BidirectionalMP_Choice_RH_ALNS_minus_SingleSidedDropoff_Choice_CommonRouting,SingleSidedDropoff_Choice_CommonRouting,SingleSidedDropoff,500,total_vehicle_km,20,20,0,0,0,-398.4710786453239,-426.4250865765085,-608.144064064965,-83.43807602100969,1.0,-457.1404274622172,-335.07043029462517,paired_bootstrap_percentile,20260616,5000
BidirectionalMP_Choice_RH_ALNS_minus_DoorToDoor_Choice_CommonRouting,DoorToDoor_Choice_CommonRouting,DoorToDoor,500,vkm_per_served_trip,20,20,0,0,0,-2.9256436526495078,-2.8627455217913544,-5.748779106406078,-1.15923046004575,1.0,-3.3768214733766997,-2.5158720852156806,paired_bootstrap_percentile,20260616,5000
BidirectionalMP_Choice_RH_ALNS_minus_SingleSidedPickup_Choice_CommonRouting,SingleSidedPickup_Choice_CommonRouting,SingleSidedPickup,500,vkm_per_served_trip,20,20,0,0,0,-2.3057401810623905,-1.9633510754675472,-4.202843903319518,-0.9417980752336366,1.0,-2.6666627074715556,-1.957602804982402,paired_bootstrap_percentile,20260616,5000
BidirectionalMP_Choice_RH_ALNS_minus_SingleSidedDropoff_Choice_CommonRouting,SingleSidedDropoff_Choice_CommonRouting,SingleSidedDropoff,500,vkm_per_served_trip,20,20,0,0,0,-2.2128261591459553,-2.456849530765279,-3.5425107763658374,-0.9603983571777057,1.0,-2.5615887463696674,-1.8453796399344315,paired_bootstrap_percentile,20260616,5000
BidirectionalMP_Choice_RH_ALNS_minus_DoorToDoor_Choice_CommonRouting,DoorToDoor_Choice_CommonRouting,DoorToDoor,500,vkm_per_original_request,20,20,0,0,0,-0.9634863371315691,-0.8788311693329413,-1.806604488603411,-0.38037422353480754,1.0,-1.1467121207503386,-0.7912400821282246,paired_bootstrap_percentile,20260616,5000
BidirectionalMP_Choice_RH_ALNS_minus_SingleSidedPickup_Choice_CommonRouting,SingleSidedPickup_Choice_CommonRouting,SingleSidedPickup,500,vkm_per_original_request,20,20,0,0,0,-0.7469271062906533,-0.8322108852120469,-1.0996921714908208,-0.20907917270186704,1.0,-0.8424653212744359,-0.6470189895728983,paired_bootstrap_percentile,20260616,5000
BidirectionalMP_Choice_RH_ALNS_minus_SingleSidedDropoff_Choice_CommonRouting,SingleSidedDropoff_Choice_CommonRouting,SingleSidedDropoff,500,vkm_per_original_request,20,20,0,0,0,-0.7969421572906479,-0.852850173153017,-1.2162881281299298,-0.16687615204201922,1.0,-0.9180440528682721,-0.6654777388090093,paired_bootstrap_percentile,20260616,5000
BidirectionalMP_Choice_RH_ALNS_minus_DoorToDoor_Choice_CommonRouting,DoorToDoor_Choice_CommonRouting,DoorToDoor,500,avg_wait,20,20,0,0,0,-4342.275294081364,-4325.842468253821,-7196.100196061006,-2179.9112565532178,1.0,-4926.567912412254,-3765.5146978732832,paired_bootstrap_percentile,20260616,5000
BidirectionalMP_Choice_RH_ALNS_minus_SingleSidedPickup_Choice_CommonRouting,SingleSidedPickup_Choice_CommonRouting,SingleSidedPickup,500,avg_wait,20,20,0,0,0,-4036.9623378272454,-4073.996865121958,-6987.0331114912715,-1675.081741414267,1.0,-4554.727725095316,-3533.2586702675635,paired_bootstrap_percentile,20260616,5000
BidirectionalMP_Choice_RH_ALNS_minus_SingleSidedDropoff_Choice_CommonRouting,SingleSidedDropoff_Choice_CommonRouting,SingleSidedDropoff,500,avg_wait,20,20,0,0,0,-4141.132902973955,-4295.953675340139,-6329.363764906429,-1811.429689373834,1.0,-4727.478003146754,-3556.9758884198277,paired_bootstrap_percentile,20260616,5000
BidirectionalMP_Choice_RH_ALNS_minus_DoorToDoor_Choice_CommonRouting,DoorToDoor_Choice_CommonRouting,DoorToDoor,500,avg_walk,20,20,0,0,0,51.06006728608655,48.68726449448251,16.40402466882237,96.4134705828584,0.0,40.14484710228955,62.764546362523944,paired_bootstrap_percentile,20260616,5000
BidirectionalMP_Choice_RH_ALNS_minus_SingleSidedPickup_Choice_CommonRouting,SingleSidedPickup_Choice_CommonRouting,SingleSidedPickup,500,avg_walk,20,20,0,0,0,-855.548937233287,-851.5584169615286,-953.3802184632289,-767.5190970202692,1.0,-874.7192285561507,-835.6915598585621,paired_bootstrap_percentile,20260616,5000
BidirectionalMP_Choice_RH_ALNS_minus_SingleSidedDropoff_Choice_CommonRouting,SingleSidedDropoff_Choice_CommonRouting,SingleSidedDropoff,500,avg_walk,20,20,0,0,0,-827.8564420008439,-826.387764185861,-911.005669024287,-758.8774869416012,1.0,-845.2531282741813,-810.8755929730326,paired_bootstrap_percentile,20260616,5000
BidirectionalMP_Choice_RH_ALNS_minus_DoorToDoor_Choice_CommonRouting,DoorToDoor_Choice_CommonRouting,DoorToDoor,500,avg_ivt,20,20,0,0,0,-6069.04643512921,-6023.524255369253,-7815.381791037006,-3064.417492948071,1.0,-6517.085800654843,-5583.216115620866,paired_bootstrap_percentile,20260616,5000
BidirectionalMP_Choice_RH_ALNS_minus_SingleSidedPickup_Choice_CommonRouting,SingleSidedPickup_Choice_CommonRouting,SingleSidedPickup,500,avg_ivt,20,20,0,0,0,-6284.905623268516,-6511.3868440605,-7858.348139671043,-4211.509257667318,1.0,-6686.7070146886335,-5872.064167596928,paired_bootstrap_percentile,20260616,5000
BidirectionalMP_Choice_RH_ALNS_minus_SingleSidedDropoff_Choice_CommonRouting,SingleSidedDropoff_Choice_CommonRouting,SingleSidedDropoff,500,avg_ivt,20,20,0,0,0,-5838.4672370702265,-6063.629673444169,-7267.564831118402,-3643.8668942013046,1.0,-6284.455518327783,-5358.276666562698,paired_bootstrap_percentile,20260616,5000
BidirectionalMP_Choice_RH_ALNS_minus_DoorToDoor_Choice_CommonRouting,DoorToDoor_Choice_CommonRouting,DoorToDoor,all,served_share,80,80,0,0,0,-0.04287083333333334,-0.03999999999999998,-0.15000000000000002,0.06999999999999999,0.0875,-0.05210510416666666,-0.03385395833333334,paired_bootstrap_percentile,20260616,5000
BidirectionalMP_Choice_RH_ALNS_minus_SingleSidedPickup_Choice_CommonRouting,SingleSidedPickup_Choice_CommonRouting,SingleSidedPickup,all,served_share,80,80,0,0,0,-0.041729166666666664,-0.03633333333333329,-0.16999999999999998,0.0366666666666666,0.05,-0.05053427083333334,-0.03368697916666668,paired_bootstrap_percentile,20260616,5000
BidirectionalMP_Choice_RH_ALNS_minus_SingleSidedDropoff_Choice_CommonRouting,SingleSidedDropoff_Choice_CommonRouting,SingleSidedDropoff,all,served_share,80,80,0,0,0,-0.03601666666666666,-0.03416666666666665,-0.12,0.04000000000000001,0.1,-0.04276729166666666,-0.029270624999999998,paired_bootstrap_percentile,20260616,5000
BidirectionalMP_Choice_RH_ALNS_minus_DoorToDoor_Choice_CommonRouting,DoorToDoor_Choice_CommonRouting,DoorToDoor,all,behavioral_acceptance_rate,80,80,0,0,0,0.023512500000000006,0.03949999999999998,-0.21333333333333337,0.30666666666666664,0.575,-0.0022020833333333298,0.04897104166666668,paired_bootstrap_percentile,20260616,5000
BidirectionalMP_Choice_RH_ALNS_minus_SingleSidedPickup_Choice_CommonRouting,SingleSidedPickup_Choice_CommonRouting,SingleSidedPickup,all,behavioral_acceptance_rate,80,80,0,0,0,0.004779166666666682,0.0050000000000000044,-0.18666666666666654,0.21000000000000008,0.5,-0.012658854166666655,0.02205458333333334,paired_bootstrap_percentile,20260616,5000
BidirectionalMP_Choice_RH_ALNS_minus_SingleSidedDropoff_Choice_CommonRouting,SingleSidedDropoff_Choice_CommonRouting,SingleSidedDropoff,all,behavioral_acceptance_rate,80,80,0,0,0,0.009008333333333346,0.010000000000000009,-0.18,0.17999999999999994,0.55,-0.008441770833333329,0.026850833333333324,paired_bootstrap_percentile,20260616,5000
BidirectionalMP_Choice_RH_ALNS_minus_DoorToDoor_Choice_CommonRouting,DoorToDoor_Choice_CommonRouting,DoorToDoor,all,choice_rejection_rate,80,80,0,0,0,-0.02351250000000001,-0.03949999999999998,-0.3066666666666667,0.21333333333333343,0.575,-0.04907145833333334,0.0018712499999999847,paired_bootstrap_percentile,20260616,5000
BidirectionalMP_Choice_RH_ALNS_minus_SingleSidedPickup_Choice_CommonRouting,SingleSidedPickup_Choice_CommonRouting,SingleSidedPickup,all,choice_rejection_rate,80,80,0,0,0,-0.0047791666666666685,-0.0050000000000000044,-0.21000000000000002,0.1866666666666666,0.5,-0.02245864583333334,0.01251270833333332,paired_bootstrap_percentile,20260616,5000
BidirectionalMP_Choice_RH_ALNS_minus_SingleSidedDropoff_Choice_CommonRouting,SingleSidedDropoff_Choice_CommonRouting,SingleSidedDropoff,all,choice_rejection_rate,80,80,0,0,0,-0.009008333333333337,-0.010000000000000009,-0.18,0.17999999999999994,0.55,-0.026400625000000007,0.008663020833333325,paired_bootstrap_percentile,20260616,5000
BidirectionalMP_Choice_RH_ALNS_minus_DoorToDoor_Choice_CommonRouting,DoorToDoor_Choice_CommonRouting,DoorToDoor,all,feasibility_rejection_rate,80,80,0,0,0,0.06638333333333332,0.078,-0.2833333333333334,0.4133333333333334,0.3,0.03283875,0.09920968749999996,paired_bootstrap_percentile,20260616,5000
BidirectionalMP_Choice_RH_ALNS_minus_SingleSidedPickup_Choice_CommonRouting,SingleSidedPickup_Choice_CommonRouting,SingleSidedPickup,all,feasibility_rejection_rate,80,80,0,0,0,0.04650833333333333,0.04250000000000001,-0.22333333333333344,0.33999999999999997,0.3625,0.023020624999999996,0.07054604166666667,paired_bootstrap_percentile,20260616,5000
BidirectionalMP_Choice_RH_ALNS_minus_SingleSidedDropoff_Choice_CommonRouting,SingleSidedDropoff_Choice_CommonRouting,SingleSidedDropoff,all,feasibility_rejection_rate,80,80,0,0,0,0.045024999999999996,0.0536666666666667,-0.19999999999999998,0.245,0.3125,0.022991145833333327,0.06575864583333334,paired_bootstrap_percentile,20260616,5000
BidirectionalMP_Choice_RH_ALNS_minus_DoorToDoor_Choice_CommonRouting,DoorToDoor_Choice_CommonRouting,DoorToDoor,all,total_vehicle_km,80,80,0,0,0,-328.2065247379397,-301.8771441559136,-903.3022443017055,2.6644172827989507,0.9625,-368.6943416041538,-289.5733725163457,paired_bootstrap_percentile,20260616,5000
BidirectionalMP_Choice_RH_ALNS_minus_SingleSidedPickup_Choice_CommonRouting,SingleSidedPickup_Choice_CommonRouting,SingleSidedPickup,all,total_vehicle_km,80,80,0,0,0,-271.08804199190433,-270.99918992543127,-549.8460857454104,0.0,0.9875,-297.61599328917833,-244.17315756083931,paired_bootstrap_percentile,20260616,5000
BidirectionalMP_Choice_RH_ALNS_minus_SingleSidedDropoff_Choice_CommonRouting,SingleSidedDropoff_Choice_CommonRouting,SingleSidedDropoff,all,total_vehicle_km,80,80,0,0,0,-266.4561211329663,-241.43691962979676,-608.144064064965,2.614758244883056,0.975,-297.5612459340485,-237.17453589567123,paired_bootstrap_percentile,20260616,5000
BidirectionalMP_Choice_RH_ALNS_minus_DoorToDoor_Choice_CommonRouting,DoorToDoor_Choice_CommonRouting,DoorToDoor,all,vkm_per_served_trip,80,80,0,0,0,-4.714069664828729,-4.467388636111568,-16.82296886106752,0.0,0.9875,-5.2438755489199345,-4.237563448944754,paired_bootstrap_percentile,20260616,5000
BidirectionalMP_Choice_RH_ALNS_minus_SingleSidedPickup_Choice_CommonRouting,SingleSidedPickup_Choice_CommonRouting,SingleSidedPickup,all,vkm_per_served_trip,80,80,0,0,0,-3.731755172203129,-3.7610539549940096,-9.207903127176671,0.0,0.9875,-4.137616754344809,-3.332139095267712,paired_bootstrap_percentile,20260616,5000
BidirectionalMP_Choice_RH_ALNS_minus_SingleSidedDropoff_Choice_CommonRouting,SingleSidedDropoff_Choice_CommonRouting,SingleSidedDropoff,all,vkm_per_served_trip,80,80,0,0,0,-3.9560952960007496,-3.5548050747329762,-16.872627898983414,0.0,0.9875,-4.5177487637720475,-3.450693717888495,paired_bootstrap_percentile,20260616,5000
BidirectionalMP_Choice_RH_ALNS_minus_DoorToDoor_Choice_CommonRouting,DoorToDoor_Choice_CommonRouting,DoorToDoor,all,vkm_per_original_request,80,80,0,0,0,-1.3315491741298264,-1.2992352317177827,-3.0204735041523167,0.026644172827989587,0.9625,-1.4799152380425575,-1.1918912352162414,paired_bootstrap_percentile,20260616,5000
BidirectionalMP_Choice_RH_ALNS_minus_SingleSidedPickup_Choice_CommonRouting,SingleSidedPickup_Choice_CommonRouting,SingleSidedPickup,all,vkm_per_original_request,80,80,0,0,0,-1.1719373859441446,-0.9571348524042991,-2.9829002364479016,0.0,0.9875,-1.3212579970839642,-1.0357346247774553,paired_bootstrap_percentile,20260616,5000
BidirectionalMP_Choice_RH_ALNS_minus_SingleSidedDropoff_Choice_CommonRouting,SingleSidedDropoff_Choice_CommonRouting,SingleSidedDropoff,all,vkm_per_original_request,80,80,0,0,0,-1.093658834590041,-0.9635678660404421,-3.017137128022581,0.026147582448830586,0.975,-1.223174530541768,-0.9738845502180125,paired_bootstrap_percentile,20260616,5000
BidirectionalMP_Choice_RH_ALNS_minus_DoorToDoor_Choice_CommonRouting,DoorToDoor_Choice_CommonRouting,DoorToDoor,all,avg_wait,80,80,0,0,0,-3500.1820305412184,-3468.599966439331,-7196.100196061006,69.17400053588625,0.975,-3883.0314980278804,-3135.0829504985086,paired_bootstrap_percentile,20260616,5000
BidirectionalMP_Choice_RH_ALNS_minus_SingleSidedPickup_Choice_CommonRouting,SingleSidedPickup_Choice_CommonRouting,SingleSidedPickup,all,avg_wait,80,80,0,0,0,-3119.1028145718387,-3078.8731757581845,-6987.0331114912715,0.0,0.9875,-3430.470764435456,-2801.6198387584377,paired_bootstrap_percentile,20260616,5000
BidirectionalMP_Choice_RH_ALNS_minus_SingleSidedDropoff_Choice_CommonRouting,SingleSidedDropoff_Choice_CommonRouting,SingleSidedDropoff,all,avg_wait,80,80,0,0,0,-3456.647001859425,-3420.62568866119,-7032.588711674749,0.0,0.9875,-3832.5245272101547,-3074.295707633263,paired_bootstrap_percentile,20260616,5000
BidirectionalMP_Choice_RH_ALNS_minus_DoorToDoor_Choice_CommonRouting,DoorToDoor_Choice_CommonRouting,DoorToDoor,all,avg_walk,80,80,0,0,0,100.87868912381755,72.91109100231871,0.0,1037.0132683171944,0.0,78.12167615931168,131.61704894992778,paired_bootstrap_percentile,20260616,5000
BidirectionalMP_Choice_RH_ALNS_minus_SingleSidedPickup_Choice_CommonRouting,SingleSidedPickup_Choice_CommonRouting,SingleSidedPickup,all,avg_walk,80,80,0,0,0,-803.8928311388715,-836.4075311006104,-987.6598639859799,259.93551141615785,0.975,-836.2500818498903,-763.6750608454046,paired_bootstrap_percentile,20260616,5000
BidirectionalMP_Choice_RH_ALNS_minus_SingleSidedDropoff_Choice_CommonRouting,SingleSidedDropoff_Choice_CommonRouting,SingleSidedDropoff,all,avg_walk,80,80,0,0,0,-768.0042256984894,-805.0537368850411,-926.2596868991698,951.8350081754396,0.975,-808.1182356092389,-711.3521690966733,paired_bootstrap_percentile,20260616,5000
BidirectionalMP_Choice_RH_ALNS_minus_DoorToDoor_Choice_CommonRouting,DoorToDoor_Choice_CommonRouting,DoorToDoor,all,avg_ivt,80,80,0,0,0,-5169.876399357814,-5323.687235796006,-8465.67706927133,0.0,0.9875,-5517.185828890241,-4825.096505990205,paired_bootstrap_percentile,20260616,5000
BidirectionalMP_Choice_RH_ALNS_minus_SingleSidedPickup_Choice_CommonRouting,SingleSidedPickup_Choice_CommonRouting,SingleSidedPickup,all,avg_ivt,80,80,0,0,0,-5301.438404632665,-5450.2915372144225,-8426.771507944146,0.0,0.9875,-5632.880219258907,-4967.911789547397,paired_bootstrap_percentile,20260616,5000
BidirectionalMP_Choice_RH_ALNS_minus_SingleSidedDropoff_Choice_CommonRouting,SingleSidedDropoff_Choice_CommonRouting,SingleSidedDropoff,all,avg_ivt,80,80,0,0,0,-4680.769600273989,-4887.790746136809,-8643.568235115456,0.0,0.9875,-5037.114831839283,-4300.868740868559,paired_bootstrap_percentile,20260616,5000
